country,age_group,sex,concert_months,no_concert_months,concert_avg_yoy,no_concert_avg_yoy,uplift_pct_point,t_statistic,binary_p_value,correlation,intensity_p_value,observations,intensity_result,binary_result,is_top10
Australia,Age 14 & Below,Female,125,38,6.66,9.05,-2.39,-0.824,0.4132,-0.025,0.7492,163,Not Significant,Not Significant,1
Australia,Age 14 & Below,Male,125,38,6.83,9.35,-2.52,-0.945,0.3484,-0.006,0.9393,163,Not Significant,Not Significant,1
Australia,Age 15 - 19,Female,125,38,5.54,4.35,1.19,0.338,0.7367,0.109,0.1679,163,Not Significant,Not Significant,1
Australia,Age 15 - 19,Male,125,38,5.69,2.3,3.39,1.146,0.2553,0.18,0.0212,163,Significant Positive,Not Significant,1
Australia,Age 20 - 24,Female,125,38,3.97,-1.83,5.79,2.256,0.0276,0.228,0.0035,163,Significant Positive,Significant Positive,1
Australia,Age 20 - 24,Male,125,38,3.58,-2.42,6.0,2.51,0.0144,0.206,0.0084,163,Significant Positive,Significant Positive,1
Australia,Age 25 - 34,Female,125,38,4.34,1.98,2.35,1.095,0.2773,0.135,0.0861,163,Not Significant,Not Significant,1
Australia,Age 25 - 34,Male,125,38,2.83,0.21,2.62,1.256,0.2133,0.134,0.0888,163,Not Significant,Not Significant,1
Australia,Age 35 - 44,Female,125,38,5.81,4.01,1.8,0.925,0.3588,0.137,0.0821,163,Not Significant,Not Significant,1
Australia,Age 35 - 44,Male,125,38,3.34,1.53,1.82,1.142,0.2579,0.154,0.0503,163,Not Significant,Not Significant,1
Australia,Age 45 - 54,Female,125,38,4.08,2.03,2.04,1.173,0.2449,0.179,0.0221,163,Significant Positive,Not Significant,1
Australia,Age 45 - 54,Male,125,38,2.98,0.82,2.16,1.475,0.1451,0.2,0.0106,163,Significant Positive,Not Significant,1
Australia,Age 55 - 64,Female,125,38,4.41,4.25,0.16,0.092,0.9269,0.105,0.1808,163,Not Significant,Not Significant,1
Australia,Age 55 - 64,Male,125,38,2.98,2.17,0.81,0.542,0.5892,0.16,0.0415,163,Significant Positive,Not Significant,1
Australia,Age 65 & Above,Female,125,38,10.38,11.69,-1.31,-0.426,0.6719,-0.031,0.692,163,Not Significant,Not Significant,1
Australia,Age 65 & Above,Male,125,38,8.67,8.95,-0.28,-0.112,0.9116,-0.017,0.831,163,Not Significant,Not Significant,1
Bangladesh,Age 14 & Below,Female,125,38,14.9,19.15,-4.26,-0.491,0.6254,0.039,0.6245,163,Not Significant,Not Significant,0
Bangladesh,Age 14 & Below,Male,125,38,14.61,14.91,-0.3,-0.043,0.9661,0.077,0.3262,163,Not Significant,Not Significant,0
Bangladesh,Age 15 - 19,Female,125,38,16.34,12.83,3.51,0.485,0.6294,0.056,0.4764,163,Not Significant,Not Significant,0
Bangladesh,Age 15 - 19,Male,125,38,11.93,-3.01,14.95,2.604,0.0115,0.191,0.0146,163,Significant Positive,Significant Positive,0
Bangladesh,Age 20 - 24,Female,125,38,9.24,4.78,4.46,1.279,0.2051,0.168,0.032,163,Significant Positive,Not Significant,0
Bangladesh,Age 20 - 24,Male,125,38,4.21,-4.32,8.54,1.625,0.1085,0.134,0.0888,163,Not Significant,Not Significant,0
Bangladesh,Age 25 - 34,Female,125,38,10.0,7.69,2.31,0.56,0.5778,0.143,0.0696,163,Not Significant,Not Significant,0
Bangladesh,Age 25 - 34,Male,125,38,4.31,-3.38,7.69,2.8,0.0069,0.161,0.0397,163,Significant Positive,Significant Positive,0
Bangladesh,Age 35 - 44,Female,125,38,13.86,13.43,0.44,0.074,0.9414,0.053,0.4987,163,Not Significant,Not Significant,0
Bangladesh,Age 35 - 44,Male,125,38,8.57,2.57,6.0,2.245,0.0283,0.215,0.0059,163,Significant Positive,Significant Positive,0
Bangladesh,Age 45 - 54,Female,125,38,10.33,13.37,-3.04,-0.653,0.5164,0.004,0.9548,163,Not Significant,Not Significant,0
Bangladesh,Age 45 - 54,Male,125,38,10.77,11.93,-1.17,-0.33,0.7422,0.105,0.1808,163,Not Significant,Not Significant,0
Bangladesh,Age 55 - 64,Female,125,38,10.59,11.96,-1.38,-0.34,0.7349,0.029,0.7087,163,Not Significant,Not Significant,0
Bangladesh,Age 55 - 64,Male,125,38,10.92,15.29,-4.37,-1.232,0.2226,0.032,0.6838,163,Not Significant,Not Significant,0
Bangladesh,Age 65 & Above,Female,125,38,15.82,16.01,-0.19,-0.029,0.977,-0.014,0.8593,163,Not Significant,Not Significant,0
Bangladesh,Age 65 & Above,Male,125,38,10.41,10.04,0.38,0.105,0.9165,-0.059,0.4519,163,Not Significant,Not Significant,0
Belgium and Luxembourg,Age 14 & Below,Female,125,38,20.25,3.53,16.72,2.091,0.0395,0.102,0.1967,163,Not Significant,Significant Positive,0
Belgium and Luxembourg,Age 14 & Below,Male,125,38,16.09,3.54,12.55,1.891,0.0615,0.096,0.2217,163,Not Significant,Not Significant,0
Belgium and Luxembourg,Age 15 - 19,Female,125,37,31.96,5.54,26.42,2.417,0.0179,0.168,0.0328,162,Significant Positive,Significant Positive,0
Belgium and Luxembourg,Age 15 - 19,Male,125,38,35.65,35.06,0.6,0.028,0.9777,0.018,0.8151,163,Not Significant,Not Significant,0
Belgium and Luxembourg,Age 20 - 24,Female,125,38,18.24,10.97,7.27,1.24,0.2187,0.069,0.3836,163,Not Significant,Not Significant,0
Belgium and Luxembourg,Age 20 - 24,Male,125,38,16.93,11.31,5.62,0.832,0.4086,0.04,0.611,163,Not Significant,Not Significant,0
Belgium and Luxembourg,Age 25 - 34,Female,125,38,9.0,3.6,5.39,1.742,0.0863,0.146,0.0621,163,Not Significant,Not Significant,0
Belgium and Luxembourg,Age 25 - 34,Male,125,38,6.54,3.59,2.95,1.219,0.2275,0.034,0.6699,163,Not Significant,Not Significant,0
Belgium and Luxembourg,Age 35 - 44,Female,125,38,6.9,3.44,3.46,1.304,0.1956,0.141,0.0736,163,Not Significant,Not Significant,0
Belgium and Luxembourg,Age 35 - 44,Male,125,38,4.24,-0.63,4.87,2.252,0.0271,0.133,0.0912,163,Not Significant,Significant Positive,0
Belgium and Luxembourg,Age 45 - 54,Female,125,38,10.55,7.52,3.03,0.745,0.4588,0.13,0.0981,163,Not Significant,Not Significant,0
Belgium and Luxembourg,Age 45 - 54,Male,125,38,5.3,4.02,1.28,0.466,0.6426,0.095,0.226,163,Not Significant,Not Significant,0
Belgium and Luxembourg,Age 55 - 64,Female,125,38,10.49,6.83,3.66,1.1,0.2749,0.135,0.0866,163,Not Significant,Not Significant,0
Belgium and Luxembourg,Age 55 - 64,Male,125,38,7.67,3.92,3.75,1.159,0.2516,0.059,0.4549,163,Not Significant,Not Significant,0
Belgium and Luxembourg,Age 65 & Above,Female,125,38,15.98,7.94,8.04,1.335,0.1867,0.041,0.6066,163,Not Significant,Not Significant,0
Belgium and Luxembourg,Age 65 & Above,Male,125,38,11.17,14.0,-2.83,-0.58,0.564,-0.019,0.8111,163,Not Significant,Not Significant,0
Brunei Darussalam,Age 14 & Below,Female,125,38,2.51,10.39,-7.87,-1.264,0.2119,-0.152,0.053,163,Not Significant,Not Significant,0
Brunei Darussalam,Age 14 & Below,Male,125,38,2.14,11.43,-9.29,-1.355,0.1817,-0.114,0.1491,163,Not Significant,Not Significant,0
Brunei Darussalam,Age 15 - 19,Female,125,38,3.79,3.13,0.66,0.118,0.9067,-0.004,0.964,163,Not Significant,Not Significant,0
Brunei Darussalam,Age 15 - 19,Male,125,38,0.03,12.45,-12.42,-2.272,0.0274,-0.108,0.1685,163,Not Significant,Significant Negative,0
Brunei Darussalam,Age 20 - 24,Female,125,38,2.01,2.04,-0.02,-0.006,0.9956,0.024,0.7593,163,Not Significant,Not Significant,0
Brunei Darussalam,Age 20 - 24,Male,125,38,-1.33,5.74,-7.07,-1.512,0.137,-0.169,0.0314,163,Significant Negative,Not Significant,0
Brunei Darussalam,Age 25 - 34,Female,125,38,3.06,5.14,-2.08,-0.519,0.6054,-0.038,0.6275,163,Not Significant,Not Significant,0
Brunei Darussalam,Age 25 - 34,Male,125,38,2.78,0.88,1.9,0.562,0.5763,-0.019,0.8115,163,Not Significant,Not Significant,0
Brunei Darussalam,Age 35 - 44,Female,125,38,3.21,7.5,-4.29,-0.999,0.3229,-0.077,0.3298,163,Not Significant,Not Significant,0
Brunei Darussalam,Age 35 - 44,Male,125,38,0.73,2.84,-2.12,-0.844,0.402,-0.083,0.2931,163,Not Significant,Not Significant,0
Brunei Darussalam,Age 45 - 54,Female,125,38,0.95,6.68,-5.73,-1.992,0.0514,-0.119,0.1312,163,Not Significant,Not Significant,0
Brunei Darussalam,Age 45 - 54,Male,125,38,-0.68,2.13,-2.82,-1.168,0.247,-0.052,0.5129,163,Not Significant,Not Significant,0
Brunei Darussalam,Age 55 - 64,Female,125,38,5.24,13.25,-8.01,-2.181,0.0343,-0.225,0.0038,163,Significant Negative,Significant Negative,0
Brunei Darussalam,Age 55 - 64,Male,125,38,2.44,9.13,-6.69,-2.153,0.0365,-0.231,0.003,163,Significant Negative,Significant Negative,0
Brunei Darussalam,Age 65 & Above,Female,125,38,9.56,13.99,-4.42,-0.781,0.4389,0.003,0.9724,163,Not Significant,Not Significant,0
Brunei Darussalam,Age 65 & Above,Male,125,38,8.43,10.9,-2.47,-0.611,0.5442,-0.046,0.5613,163,Not Significant,Not Significant,0
Canada,Age 14 & Below,Female,125,38,12.46,0.18,12.28,3.098,0.0028,0.201,0.0099,163,Significant Positive,Significant Positive,0
Canada,Age 14 & Below,Male,125,38,11.95,1.85,10.11,2.494,0.015,0.161,0.0398,163,Significant Positive,Significant Positive,0
Canada,Age 15 - 19,Female,125,38,12.02,3.46,8.57,1.326,0.1896,0.127,0.1054,163,Not Significant,Not Significant,0
Canada,Age 15 - 19,Male,125,38,9.51,5.22,4.29,0.674,0.5032,0.109,0.1653,163,Not Significant,Not Significant,0
Canada,Age 20 - 24,Female,125,38,6.7,2.98,3.72,1.249,0.2167,0.137,0.0822,163,Not Significant,Not Significant,0
Canada,Age 20 - 24,Male,125,38,8.87,-1.08,9.95,3.399,0.0012,0.298,0.0001,163,Significant Positive,Significant Positive,0
Canada,Age 25 - 34,Female,125,38,8.44,2.05,6.4,2.682,0.0095,0.127,0.1064,163,Not Significant,Significant Positive,0
Canada,Age 25 - 34,Male,125,38,7.32,-2.03,9.35,4.471,0.0,0.263,0.0007,163,Significant Positive,Significant Positive,0
Canada,Age 35 - 44,Female,125,38,10.13,1.31,8.82,3.043,0.0035,0.257,0.0009,163,Significant Positive,Significant Positive,0
Canada,Age 35 - 44,Male,125,38,6.69,-1.58,8.27,3.441,0.001,0.281,0.0003,163,Significant Positive,Significant Positive,0
Canada,Age 45 - 54,Female,125,38,6.96,1.09,5.87,2.533,0.0136,0.162,0.0393,163,Significant Positive,Significant Positive,0
Canada,Age 45 - 54,Male,125,38,4.44,0.65,3.78,1.741,0.086,0.17,0.0304,163,Significant Positive,Not Significant,0
Canada,Age 55 - 64,Female,125,38,8.66,4.61,4.05,1.552,0.1257,0.11,0.1613,163,Not Significant,Not Significant,0
Canada,Age 55 - 64,Male,125,38,6.58,1.94,4.64,2.417,0.0182,0.186,0.0174,163,Significant Positive,Significant Positive,0
Canada,Age 65 & Above,Female,125,38,14.82,6.03,8.79,2.263,0.0266,0.058,0.4658,163,Not Significant,Significant Positive,0
Canada,Age 65 & Above,Male,125,38,11.31,7.41,3.9,1.332,0.1863,0.043,0.5835,163,Not Significant,Not Significant,0
China,Age 14 & Below,Female,125,38,72.65,29.26,43.4,1.191,0.2356,0.085,0.2809,163,Not Significant,Not Significant,1
China,Age 14 & Below,Male,125,38,75.62,29.47,46.15,1.17,0.2439,0.081,0.3058,163,Not Significant,Not Significant,1
China,Age 15 - 19,Female,125,38,48.54,11.79,36.76,1.907,0.0585,0.169,0.0315,163,Significant Positive,Not Significant,1
China,Age 15 - 19,Male,125,38,45.99,10.35,35.64,1.917,0.0571,0.168,0.0321,163,Significant Positive,Not Significant,1
China,Age 20 - 24,Female,125,38,36.25,10.19,26.05,2.529,0.0124,0.311,0.0001,163,Significant Positive,Significant Positive,1
China,Age 20 - 24,Male,125,38,27.1,5.39,21.72,2.617,0.0097,0.33,0.0,163,Significant Positive,Significant Positive,1
China,Age 25 - 34,Female,125,38,32.78,11.61,21.17,2.237,0.0267,0.221,0.0045,163,Significant Positive,Significant Positive,1
China,Age 25 - 34,Male,125,38,24.46,5.46,19.0,2.746,0.0068,0.28,0.0003,163,Significant Positive,Significant Positive,1
China,Age 35 - 44,Female,125,38,34.83,13.69,21.14,1.822,0.0703,0.161,0.0407,163,Significant Positive,Not Significant,1
China,Age 35 - 44,Male,125,38,22.47,5.04,17.43,2.503,0.0134,0.234,0.0026,163,Significant Positive,Significant Positive,1
China,Age 45 - 54,Female,125,38,37.35,18.4,18.96,1.615,0.1085,0.157,0.045,163,Significant Positive,Not Significant,1
China,Age 45 - 54,Male,125,38,21.14,10.62,10.52,1.552,0.1237,0.182,0.0204,163,Significant Positive,Not Significant,1
China,Age 55 - 64,Female,125,38,50.9,31.45,19.44,1.213,0.2269,0.162,0.0383,163,Significant Positive,Not Significant,1
China,Age 55 - 64,Male,125,38,36.75,20.7,16.05,1.434,0.154,0.166,0.0347,163,Significant Positive,Not Significant,1
China,Age 65 & Above,Female,125,38,56.41,29.86,26.55,1.368,0.1733,0.154,0.0494,163,Significant Positive,Not Significant,1
China,Age 65 & Above,Male,125,38,51.76,26.18,25.58,1.448,0.1496,0.164,0.0369,163,Significant Positive,Not Significant,1
Denmark,Age 14 & Below,Female,125,38,9.42,-0.43,9.85,1.66,0.1011,0.019,0.808,163,Not Significant,Not Significant,0
Denmark,Age 14 & Below,Male,125,38,10.08,-2.68,12.75,2.242,0.0277,0.033,0.6732,163,Not Significant,Significant Positive,0
Denmark,Age 15 - 19,Female,125,38,27.31,22.98,4.33,0.253,0.8014,0.021,0.7877,163,Not Significant,Not Significant,0
Denmark,Age 15 - 19,Male,125,38,23.58,3.46,20.12,2.05,0.0421,0.048,0.5401,163,Not Significant,Significant Positive,0
Denmark,Age 20 - 24,Female,125,38,9.52,6.57,2.95,0.666,0.5076,-0.031,0.6988,163,Not Significant,Not Significant,0
Denmark,Age 20 - 24,Male,125,38,8.97,12.43,-3.45,-0.815,0.4172,-0.121,0.1237,163,Not Significant,Not Significant,0
Denmark,Age 25 - 34,Female,125,38,4.38,2.19,2.18,0.562,0.5763,0.012,0.8749,163,Not Significant,Not Significant,0
Denmark,Age 25 - 34,Male,125,38,4.53,-2.32,6.85,2.418,0.0182,0.171,0.0286,163,Significant Positive,Significant Positive,0
Denmark,Age 35 - 44,Female,125,38,6.34,-3.98,10.32,2.73,0.0079,0.15,0.0562,163,Not Significant,Significant Positive,0
Denmark,Age 35 - 44,Male,125,38,1.17,-2.34,3.51,1.433,0.1561,0.035,0.6619,163,Not Significant,Not Significant,0
Denmark,Age 45 - 54,Female,125,38,6.54,-0.64,7.18,1.956,0.0548,0.186,0.0176,163,Significant Positive,Not Significant,0
Denmark,Age 45 - 54,Male,125,38,3.37,0.1,3.27,1.23,0.2237,0.093,0.2369,163,Not Significant,Not Significant,0
Denmark,Age 55 - 64,Female,125,38,4.32,-1.68,6.0,1.393,0.1691,0.147,0.0604,163,Not Significant,Not Significant,0
Denmark,Age 55 - 64,Male,125,38,5.34,-4.47,9.81,3.399,0.0012,0.257,0.0009,163,Significant Positive,Significant Positive,0
Denmark,Age 65 & Above,Female,125,38,7.46,2.08,5.39,1.242,0.2173,0.033,0.6795,163,Not Significant,Not Significant,0
Denmark,Age 65 & Above,Male,125,38,3.86,6.21,-2.35,-0.619,0.5383,0.072,0.3595,163,Not Significant,Not Significant,0
Egypt,Age 14 & Below,Female,124,38,35.36,43.75,-8.38,-0.442,0.6599,0.006,0.9444,162,Not Significant,Not Significant,0
Egypt,Age 14 & Below,Male,122,37,30.68,30.71,-0.03,-0.002,0.9988,-0.016,0.843,159,Not Significant,Not Significant,0
Egypt,Age 15 - 19,Female,98,31,159.32,159.16,0.17,0.002,0.9986,0.052,0.5569,129,Not Significant,Not Significant,0
Egypt,Age 15 - 19,Male,108,30,94.03,180.31,-86.28,-1.01,0.3176,-0.011,0.8975,138,Not Significant,Not Significant,0
Egypt,Age 20 - 24,Female,124,38,36.64,11.34,25.3,1.744,0.0843,0.211,0.0071,162,Significant Positive,Not Significant,0
Egypt,Age 20 - 24,Male,123,38,51.32,15.24,36.08,1.684,0.0951,0.133,0.0937,161,Not Significant,Not Significant,0
Egypt,Age 25 - 34,Female,125,38,12.39,24.04,-11.65,-1.316,0.1935,-0.06,0.4451,163,Not Significant,Not Significant,0
Egypt,Age 25 - 34,Male,125,38,7.64,9.01,-1.37,-0.216,0.8299,0.025,0.7552,163,Not Significant,Not Significant,0
Egypt,Age 35 - 44,Female,125,38,19.83,9.18,10.64,0.882,0.3801,0.051,0.5201,163,Not Significant,Not Significant,0
Egypt,Age 35 - 44,Male,125,38,9.9,0.97,8.93,1.337,0.1857,0.023,0.7706,163,Not Significant,Not Significant,0
Egypt,Age 45 - 54,Female,125,38,26.22,4.31,21.91,1.827,0.0701,0.227,0.0035,163,Significant Positive,Not Significant,0
Egypt,Age 45 - 54,Male,125,38,8.83,3.93,4.9,0.653,0.5157,0.036,0.6516,163,Not Significant,Not Significant,0
Egypt,Age 55 - 64,Female,125,38,31.03,12.39,18.65,1.265,0.2089,0.068,0.3896,163,Not Significant,Not Significant,0
Egypt,Age 55 - 64,Male,125,38,18.55,16.79,1.77,0.127,0.8997,0.04,0.6124,163,Not Significant,Not Significant,0
Egypt,Age 65 & Above,Female,121,38,41.85,69.02,-27.17,-0.781,0.4384,-0.032,0.6886,159,Not Significant,Not Significant,0
Egypt,Age 65 & Above,Male,125,38,36.64,78.66,-42.02,-1.244,0.2197,-0.029,0.7109,163,Not Significant,Not Significant,0
Finland,Age 14 & Below,Female,125,38,26.67,25.07,1.61,0.136,0.8918,0.004,0.9606,163,Not Significant,Not Significant,0
Finland,Age 14 & Below,Male,125,38,23.32,24.64,-1.32,-0.116,0.9077,0.029,0.7136,163,Not Significant,Not Significant,0
Finland,Age 15 - 19,Female,125,38,40.22,16.06,24.16,1.82,0.071,-0.016,0.8402,163,Not Significant,Not Significant,0
Finland,Age 15 - 19,Male,125,37,47.38,27.03,20.35,1.204,0.2307,-0.016,0.8355,162,Not Significant,Not Significant,0
Finland,Age 20 - 24,Female,125,38,12.08,22.73,-10.65,-1.282,0.2057,-0.078,0.3197,163,Not Significant,Not Significant,0
Finland,Age 20 - 24,Male,125,38,14.6,14.82,-0.22,-0.033,0.9741,0.002,0.9832,163,Not Significant,Not Significant,0
Finland,Age 25 - 34,Female,125,38,13.92,17.28,-3.36,-0.409,0.6838,-0.028,0.7242,163,Not Significant,Not Significant,0
Finland,Age 25 - 34,Male,125,38,10.53,7.08,3.45,0.562,0.5762,0.053,0.5021,163,Not Significant,Not Significant,0
Finland,Age 35 - 44,Female,125,38,19.47,13.28,6.19,0.785,0.4347,0.015,0.847,163,Not Significant,Not Significant,0
Finland,Age 35 - 44,Male,125,38,11.07,4.5,6.57,1.326,0.1887,0.08,0.3078,163,Not Significant,Not Significant,0
Finland,Age 45 - 54,Female,125,38,19.39,19.83,-0.44,-0.055,0.9565,-0.003,0.9659,163,Not Significant,Not Significant,0
Finland,Age 45 - 54,Male,125,38,15.18,8.67,6.51,0.978,0.3311,0.022,0.7776,163,Not Significant,Not Significant,0
Finland,Age 55 - 64,Female,125,38,16.83,25.08,-8.25,-0.738,0.4642,-0.096,0.2244,163,Not Significant,Not Significant,0
Finland,Age 55 - 64,Male,125,38,13.36,7.0,6.36,1.01,0.3163,-0.002,0.9818,163,Not Significant,Not Significant,0
Finland,Age 65 & Above,Female,125,38,24.92,49.04,-24.12,-1.351,0.1833,-0.166,0.0343,163,Significant Negative,Not Significant,0
Finland,Age 65 & Above,Male,125,38,21.68,51.68,-29.99,-1.169,0.2492,-0.12,0.1269,163,Not Significant,Not Significant,0
France,Age 14 & Below,Female,125,38,11.17,5.43,5.74,1.176,0.2444,0.099,0.2085,163,Not Significant,Not Significant,0
France,Age 14 & Below,Male,125,38,10.59,6.61,3.99,0.987,0.3265,0.096,0.2247,163,Not Significant,Not Significant,0
France,Age 15 - 19,Female,125,38,18.09,15.58,2.51,0.281,0.7794,0.108,0.1685,163,Not Significant,Not Significant,0
France,Age 15 - 19,Male,125,38,17.92,14.9,3.02,0.481,0.6314,0.1,0.2027,163,Not Significant,Not Significant,0
France,Age 20 - 24,Female,125,38,11.66,9.14,2.52,0.915,0.3639,0.085,0.2786,163,Not Significant,Not Significant,0
France,Age 20 - 24,Male,125,38,10.2,9.35,0.85,0.337,0.7369,0.073,0.3541,163,Not Significant,Not Significant,0
France,Age 25 - 34,Female,125,38,7.64,3.48,4.17,2.18,0.0325,0.117,0.1363,163,Not Significant,Significant Positive,0
France,Age 25 - 34,Male,125,38,6.28,1.8,4.48,2.353,0.0218,0.192,0.014,163,Significant Positive,Significant Positive,0
France,Age 35 - 44,Female,125,38,7.84,4.13,3.71,1.564,0.1225,0.158,0.0442,163,Significant Positive,Not Significant,0
France,Age 35 - 44,Male,125,38,3.76,-0.03,3.8,2.076,0.0418,0.159,0.0431,163,Significant Positive,Significant Positive,0
France,Age 45 - 54,Female,125,38,9.26,6.98,2.28,0.761,0.4498,0.118,0.1345,163,Not Significant,Not Significant,0
France,Age 45 - 54,Male,125,38,5.81,1.95,3.86,1.825,0.0726,0.164,0.036,163,Significant Positive,Not Significant,0
France,Age 55 - 64,Female,125,38,8.15,5.39,2.76,0.944,0.3493,0.013,0.8713,163,Not Significant,Not Significant,0
France,Age 55 - 64,Male,125,38,6.2,3.36,2.83,1.298,0.1991,0.07,0.3748,163,Not Significant,Not Significant,0
France,Age 65 & Above,Female,125,38,12.53,17.45,-4.92,-0.98,0.3313,-0.147,0.0607,163,Not Significant,Not Significant,0
France,Age 65 & Above,Male,125,38,10.25,11.97,-1.72,-0.438,0.6632,-0.145,0.0657,163,Not Significant,Not Significant,0
Germany,Age 14 & Below,Female,125,38,18.0,13.85,4.15,0.757,0.4506,0.011,0.894,163,Not Significant,Not Significant,0
Germany,Age 14 & Below,Male,125,38,17.33,13.0,4.33,0.83,0.4085,0.033,0.6716,163,Not Significant,Not Significant,0
Germany,Age 15 - 19,Female,125,38,22.06,21.36,0.7,0.104,0.9172,0.02,0.8009,163,Not Significant,Not Significant,0
Germany,Age 15 - 19,Male,125,38,23.01,22.8,0.2,0.027,0.9781,-0.043,0.5892,163,Not Significant,Not Significant,0
Germany,Age 20 - 24,Female,125,38,8.86,9.75,-0.89,-0.376,0.7082,-0.035,0.6614,163,Not Significant,Not Significant,0
Germany,Age 20 - 24,Male,125,38,8.68,9.52,-0.84,-0.407,0.6851,-0.047,0.5479,163,Not Significant,Not Significant,0
Germany,Age 25 - 34,Female,125,38,6.52,7.8,-1.27,-0.616,0.5398,-0.153,0.0511,163,Not Significant,Not Significant,0
Germany,Age 25 - 34,Male,125,38,5.23,7.29,-2.05,-1.072,0.2879,-0.144,0.0657,163,Not Significant,Not Significant,0
Germany,Age 35 - 44,Female,125,38,8.06,2.08,5.98,2.517,0.0136,0.074,0.3458,163,Not Significant,Significant Positive,0
Germany,Age 35 - 44,Male,125,38,3.06,-1.6,4.66,2.692,0.0089,0.149,0.0569,163,Not Significant,Significant Positive,0
Germany,Age 45 - 54,Female,125,38,10.83,8.97,1.86,0.571,0.5689,-0.071,0.3653,163,Not Significant,Not Significant,0
Germany,Age 45 - 54,Male,125,38,5.58,5.13,0.45,0.203,0.84,-0.057,0.4737,163,Not Significant,Not Significant,0
Germany,Age 55 - 64,Female,125,38,13.63,6.87,6.76,1.872,0.0643,0.02,0.8045,163,Not Significant,Not Significant,0
Germany,Age 55 - 64,Male,125,38,11.25,4.07,7.18,2.655,0.0094,0.067,0.395,163,Not Significant,Significant Positive,0
Germany,Age 65 & Above,Female,125,38,12.99,9.98,3.01,0.697,0.4878,0.007,0.933,163,Not Significant,Not Significant,0
Germany,Age 65 & Above,Male,125,38,10.7,6.12,4.58,1.304,0.1961,0.04,0.6137,163,Not Significant,Not Significant,0
Hong Kong SAR,Age 14 & Below,Female,125,38,22.56,37.81,-15.25,-1.161,0.2495,-0.083,0.294,163,Not Significant,Not Significant,0
Hong Kong SAR,Age 14 & Below,Male,125,38,22.27,38.46,-16.19,-1.27,0.2078,-0.091,0.2469,163,Not Significant,Not Significant,0
Hong Kong SAR,Age 15 - 19,Female,125,38,26.39,23.17,3.22,0.256,0.7981,-0.02,0.7954,163,Not Significant,Not Significant,0
Hong Kong SAR,Age 15 - 19,Male,125,38,22.48,19.49,2.99,0.312,0.756,-0.014,0.8609,163,Not Significant,Not Significant,0
Hong Kong SAR,Age 20 - 24,Female,125,38,6.31,14.33,-8.02,-1.36,0.179,-0.047,0.5522,163,Not Significant,Not Significant,0
Hong Kong SAR,Age 20 - 24,Male,125,38,5.57,10.47,-4.91,-0.922,0.3607,-0.067,0.3966,163,Not Significant,Not Significant,0
Hong Kong SAR,Age 25 - 34,Female,125,38,3.66,10.87,-7.2,-1.515,0.1357,-0.004,0.9589,163,Not Significant,Not Significant,0
Hong Kong SAR,Age 25 - 34,Male,125,38,2.47,4.69,-2.22,-0.6,0.5512,0.091,0.2492,163,Not Significant,Not Significant,0
Hong Kong SAR,Age 35 - 44,Female,125,38,5.09,14.36,-9.27,-1.904,0.0616,-0.084,0.2857,163,Not Significant,Not Significant,0
Hong Kong SAR,Age 35 - 44,Male,125,38,2.37,5.48,-3.11,-0.938,0.3522,0.008,0.9228,163,Not Significant,Not Significant,0
Hong Kong SAR,Age 45 - 54,Female,125,38,4.86,17.8,-12.94,-2.922,0.0051,-0.139,0.0773,163,Not Significant,Significant Negative,0
Hong Kong SAR,Age 45 - 54,Male,125,38,2.82,9.26,-6.44,-2.111,0.0396,-0.068,0.3905,163,Not Significant,Significant Negative,0
Hong Kong SAR,Age 55 - 64,Female,125,38,6.38,20.7,-14.32,-3.204,0.0024,-0.223,0.0042,163,Significant Negative,Significant Negative,0
Hong Kong SAR,Age 55 - 64,Male,125,38,5.39,12.76,-7.37,-2.473,0.0168,-0.166,0.0346,163,Significant Negative,Significant Negative,0
Hong Kong SAR,Age 65 & Above,Female,125,38,9.39,23.57,-14.19,-2.46,0.0172,-0.173,0.027,163,Significant Negative,Significant Negative,0
Hong Kong SAR,Age 65 & Above,Male,125,38,8.09,19.45,-11.35,-2.353,0.0227,-0.154,0.0502,163,Not Significant,Significant Negative,0
India,Age 14 & Below,Female,125,38,12.16,10.0,2.16,0.29,0.773,0.057,0.471,163,Not Significant,Not Significant,1
India,Age 14 & Below,Male,125,38,11.94,9.85,2.09,0.253,0.8014,0.035,0.6574,163,Not Significant,Not Significant,1
India,Age 15 - 19,Female,125,38,13.42,6.72,6.7,0.866,0.3907,0.127,0.1059,163,Not Significant,Not Significant,1
India,Age 15 - 19,Male,125,38,11.07,-1.69,12.76,2.458,0.0169,0.21,0.0071,163,Significant Positive,Significant Positive,1
India,Age 20 - 24,Female,125,38,7.62,-1.51,9.13,4.447,0.0,0.281,0.0003,163,Significant Positive,Significant Positive,1
India,Age 20 - 24,Male,125,38,2.61,-7.58,10.19,4.908,0.0,0.271,0.0005,163,Significant Positive,Significant Positive,1
India,Age 25 - 34,Female,125,38,9.51,2.89,6.62,2.927,0.0048,0.155,0.0487,163,Significant Positive,Significant Positive,1
India,Age 25 - 34,Male,125,38,4.89,-0.74,5.62,2.687,0.0095,0.18,0.0214,163,Significant Positive,Significant Positive,1
India,Age 35 - 44,Female,125,38,11.92,4.87,7.06,1.669,0.1008,0.15,0.0561,163,Not Significant,Not Significant,1
India,Age 35 - 44,Male,125,38,6.87,1.13,5.74,2.738,0.0081,0.197,0.0116,163,Significant Positive,Significant Positive,1
India,Age 45 - 54,Female,125,38,8.93,2.27,6.66,2.535,0.0139,0.208,0.0077,163,Significant Positive,Significant Positive,1
India,Age 45 - 54,Male,125,38,7.22,2.74,4.47,2.186,0.0323,0.229,0.0033,163,Significant Positive,Significant Positive,1
India,Age 55 - 64,Female,125,38,8.74,5.42,3.32,1.579,0.1196,0.099,0.2092,163,Not Significant,Not Significant,1
India,Age 55 - 64,Male,125,38,6.88,3.57,3.31,1.663,0.1016,0.125,0.1132,163,Not Significant,Not Significant,1
India,Age 65 & Above,Female,125,38,12.13,9.11,3.02,1.333,0.1875,0.081,0.3027,163,Not Significant,Not Significant,1
India,Age 65 & Above,Male,125,38,10.19,6.9,3.29,1.526,0.1322,0.1,0.2057,163,Not Significant,Not Significant,1
Indonesia,Age 14 & Below,Female,125,38,7.64,16.61,-8.97,-1.524,0.1331,-0.055,0.486,163,Not Significant,Not Significant,1
Indonesia,Age 14 & Below,Male,125,38,7.47,16.63,-9.16,-1.635,0.1076,-0.055,0.4839,163,Not Significant,Not Significant,1
Indonesia,Age 15 - 19,Female,125,38,8.86,11.91,-3.05,-0.617,0.5396,0.009,0.9089,163,Not Significant,Not Significant,1
Indonesia,Age 15 - 19,Male,125,38,8.16,12.03,-3.86,-0.808,0.4222,0.016,0.8395,163,Not Significant,Not Significant,1
Indonesia,Age 20 - 24,Female,125,38,5.23,4.89,0.33,0.121,0.904,0.128,0.1029,163,Not Significant,Not Significant,1
Indonesia,Age 20 - 24,Male,125,38,5.36,6.36,-1.0,-0.338,0.7366,0.032,0.6887,163,Not Significant,Not Significant,1
Indonesia,Age 25 - 34,Female,125,38,6.03,6.11,-0.08,-0.028,0.978,0.115,0.1433,163,Not Significant,Not Significant,1
Indonesia,Age 25 - 34,Male,125,38,4.96,4.51,0.45,0.181,0.8566,0.104,0.1874,163,Not Significant,Not Significant,1
Indonesia,Age 35 - 44,Female,125,38,6.46,9.26,-2.79,-0.874,0.3862,-0.007,0.927,163,Not Significant,Not Significant,1
Indonesia,Age 35 - 44,Male,125,38,3.99,6.06,-2.07,-0.782,0.4379,0.029,0.7133,163,Not Significant,Not Significant,1
Indonesia,Age 45 - 54,Female,125,38,5.97,7.83,-1.85,-0.625,0.5345,0.012,0.8814,163,Not Significant,Not Significant,1
Indonesia,Age 45 - 54,Male,125,38,3.96,5.93,-1.96,-0.722,0.4734,0.013,0.8655,163,Not Significant,Not Significant,1
Indonesia,Age 55 - 64,Female,125,38,6.68,10.92,-4.25,-1.337,0.1869,-0.073,0.3535,163,Not Significant,Not Significant,1
Indonesia,Age 55 - 64,Male,125,38,3.88,7.63,-3.75,-1.451,0.1529,-0.04,0.6122,163,Not Significant,Not Significant,1
Indonesia,Age 65 & Above,Female,125,38,8.22,10.16,-1.94,-0.637,0.5266,-0.014,0.861,163,Not Significant,Not Significant,1
Indonesia,Age 65 & Above,Male,125,38,7.53,11.17,-3.64,-1.396,0.1687,-0.086,0.2737,163,Not Significant,Not Significant,1
Iran,Age 14 & Below,Female,123,37,14.2,16.71,-2.51,-0.184,0.8546,0.001,0.9895,160,Not Significant,Not Significant,0
Iran,Age 14 & Below,Male,123,36,25.7,13.44,12.25,0.808,0.4204,0.084,0.2903,159,Not Significant,Not Significant,0
Iran,Age 15 - 19,Female,122,36,67.18,21.34,45.85,1.762,0.08,0.131,0.1017,158,Not Significant,Not Significant,0
Iran,Age 15 - 19,Male,116,36,78.29,18.06,60.24,1.53,0.1281,0.158,0.052,152,Not Significant,Not Significant,0
Iran,Age 20 - 24,Female,124,38,22.41,-0.0,22.41,1.371,0.1722,0.077,0.3288,162,Not Significant,Not Significant,0
Iran,Age 20 - 24,Male,123,36,15.74,36.45,-20.71,-0.966,0.3388,0.027,0.7325,159,Not Significant,Not Significant,0
Iran,Age 25 - 34,Female,125,38,7.18,9.19,-2.02,-0.199,0.8427,-0.008,0.9206,163,Not Significant,Not Significant,0
Iran,Age 25 - 34,Male,125,38,2.92,8.78,-5.86,-0.59,0.5574,-0.08,0.3084,163,Not Significant,Not Significant,0
Iran,Age 35 - 44,Female,125,38,15.4,11.17,4.23,0.356,0.7225,0.059,0.4547,163,Not Significant,Not Significant,0
Iran,Age 35 - 44,Male,125,38,5.98,7.2,-1.21,-0.128,0.8988,0.016,0.8371,163,Not Significant,Not Significant,0
Iran,Age 45 - 54,Female,125,38,19.25,8.07,11.18,0.879,0.3816,0.107,0.1727,163,Not Significant,Not Significant,0
Iran,Age 45 - 54,Male,125,38,5.76,5.56,0.2,0.02,0.9841,0.059,0.4536,163,Not Significant,Not Significant,0
Iran,Age 55 - 64,Female,124,38,13.44,11.45,1.99,0.167,0.8678,0.075,0.3397,162,Not Significant,Not Significant,0
Iran,Age 55 - 64,Male,125,38,7.9,4.86,3.04,0.275,0.7845,0.027,0.7295,163,Not Significant,Not Significant,0
Iran,Age 65 & Above,Female,124,37,19.28,26.15,-6.88,-0.465,0.6438,-0.056,0.4771,161,Not Significant,Not Significant,0
Iran,Age 65 & Above,Male,123,36,9.58,20.53,-10.95,-0.902,0.3703,-0.024,0.762,159,Not Significant,Not Significant,0
Israel,Age 14 & Below,Female,125,38,53.89,9.89,43.99,2.679,0.0083,0.011,0.8931,163,Not Significant,Significant Positive,0
Israel,Age 14 & Below,Male,125,38,58.33,11.83,46.51,2.638,0.0092,0.03,0.7079,163,Not Significant,Significant Positive,0
Israel,Age 15 - 19,Female,120,36,95.19,73.23,21.96,0.502,0.6167,-0.057,0.4823,156,Not Significant,Not Significant,0
Israel,Age 15 - 19,Male,120,36,80.3,41.37,38.93,1.518,0.133,0.097,0.226,156,Not Significant,Not Significant,0
Israel,Age 20 - 24,Female,125,38,36.1,40.5,-4.4,-0.321,0.7495,0.098,0.2111,163,Not Significant,Not Significant,0
Israel,Age 20 - 24,Male,125,38,39.5,1.13,38.38,4.352,0.0,0.182,0.0201,163,Significant Positive,Significant Positive,0
Israel,Age 25 - 34,Female,125,38,22.86,6.96,15.9,2.567,0.012,0.164,0.0365,163,Significant Positive,Significant Positive,0
Israel,Age 25 - 34,Male,125,38,13.78,7.92,5.87,1.179,0.2422,0.239,0.0022,163,Significant Positive,Not Significant,0
Israel,Age 35 - 44,Female,125,38,21.95,4.56,17.39,2.583,0.0112,0.224,0.0041,163,Significant Positive,Significant Positive,0
Israel,Age 35 - 44,Male,125,38,9.21,4.64,4.57,1.089,0.2791,0.274,0.0004,163,Significant Positive,Not Significant,0
Israel,Age 45 - 54,Female,125,38,26.43,3.86,22.57,2.972,0.0036,0.231,0.003,163,Significant Positive,Significant Positive,0
Israel,Age 45 - 54,Male,125,38,12.87,4.57,8.31,1.571,0.1194,0.287,0.0002,163,Significant Positive,Not Significant,0
Israel,Age 55 - 64,Female,125,38,22.0,14.44,7.56,0.768,0.4448,0.178,0.0228,163,Significant Positive,Not Significant,0
Israel,Age 55 - 64,Male,125,38,11.55,7.33,4.21,0.759,0.45,0.251,0.0012,163,Significant Positive,Not Significant,0
Israel,Age 65 & Above,Female,125,38,31.54,40.68,-9.13,-0.579,0.5652,0.072,0.364,163,Not Significant,Not Significant,0
Israel,Age 65 & Above,Male,125,38,19.73,22.18,-2.45,-0.334,0.7396,0.134,0.0879,163,Not Significant,Not Significant,0
Italy,Age 14 & Below,Female,125,38,19.85,17.27,2.58,0.389,0.6985,0.027,0.7347,163,Not Significant,Not Significant,0
Italy,Age 14 & Below,Male,125,38,21.5,8.82,12.68,2.087,0.0391,0.068,0.3853,163,Not Significant,Significant Positive,0
Italy,Age 15 - 19,Female,125,38,37.09,25.48,11.61,0.969,0.3354,0.104,0.1864,163,Not Significant,Not Significant,0
Italy,Age 15 - 19,Male,125,38,44.38,29.16,15.23,0.866,0.3881,0.087,0.2677,163,Not Significant,Not Significant,0
Italy,Age 20 - 24,Female,125,38,16.52,13.61,2.91,0.64,0.5241,0.1,0.2059,163,Not Significant,Not Significant,0
Italy,Age 20 - 24,Male,125,38,15.64,12.32,3.33,0.598,0.5522,0.166,0.0343,163,Significant Positive,Not Significant,0
Italy,Age 25 - 34,Female,125,38,11.14,7.32,3.82,1.201,0.2341,0.047,0.5553,163,Not Significant,Not Significant,0
Italy,Age 25 - 34,Male,125,38,8.33,6.03,2.31,0.842,0.4025,0.082,0.2997,163,Not Significant,Not Significant,0
Italy,Age 35 - 44,Female,125,38,9.43,4.05,5.38,1.708,0.0912,0.091,0.2481,163,Not Significant,Not Significant,0
Italy,Age 35 - 44,Male,125,38,4.12,4.38,-0.26,-0.104,0.9176,0.05,0.5258,163,Not Significant,Not Significant,0
Italy,Age 45 - 54,Female,125,38,15.91,9.18,6.74,1.864,0.0654,0.091,0.2491,163,Not Significant,Not Significant,0
Italy,Age 45 - 54,Male,125,38,8.82,4.5,4.31,1.694,0.0941,0.121,0.1236,163,Not Significant,Not Significant,0
Italy,Age 55 - 64,Female,125,38,18.08,15.22,2.85,0.534,0.595,0.006,0.9389,163,Not Significant,Not Significant,0
Italy,Age 55 - 64,Male,125,38,12.14,7.56,4.59,1.381,0.1713,0.193,0.0137,163,Significant Positive,Not Significant,0
Italy,Age 65 & Above,Female,125,38,29.08,27.94,1.14,0.112,0.9113,-0.04,0.6105,163,Not Significant,Not Significant,0
Italy,Age 65 & Above,Male,125,38,19.03,12.48,6.55,1.08,0.283,0.021,0.7934,163,Not Significant,Not Significant,0
Japan,Age 14 & Below,Female,125,38,16.19,6.43,9.76,2.498,0.0144,0.187,0.0169,163,Significant Positive,Significant Positive,1
Japan,Age 14 & Below,Male,125,38,15.83,7.6,8.23,2.05,0.0439,0.173,0.0274,163,Significant Positive,Significant Positive,1
Japan,Age 15 - 19,Female,125,38,21.73,19.57,2.16,0.131,0.8965,0.148,0.0595,163,Not Significant,Not Significant,1
Japan,Age 15 - 19,Male,125,38,23.95,11.2,12.75,1.108,0.2719,0.249,0.0014,163,Significant Positive,Not Significant,1
Japan,Age 20 - 24,Female,125,38,14.08,6.62,7.46,1.9,0.0623,0.173,0.0275,163,Significant Positive,Not Significant,1
Japan,Age 20 - 24,Male,125,38,10.81,7.23,3.58,1.178,0.244,0.152,0.0528,163,Not Significant,Not Significant,1
Japan,Age 25 - 34,Female,125,38,10.79,5.02,5.77,1.744,0.0859,0.217,0.0054,163,Significant Positive,Not Significant,1
Japan,Age 25 - 34,Male,125,38,7.08,2.85,4.23,1.56,0.1238,0.267,0.0006,163,Significant Positive,Not Significant,1
Japan,Age 35 - 44,Female,125,38,10.02,6.54,3.48,1.066,0.2906,0.16,0.0412,163,Significant Positive,Not Significant,1
Japan,Age 35 - 44,Male,125,38,4.7,0.45,4.26,1.526,0.1324,0.247,0.0015,163,Significant Positive,Not Significant,1
Japan,Age 45 - 54,Female,125,38,13.67,6.69,6.99,1.875,0.0655,0.188,0.0161,163,Significant Positive,Not Significant,1
Japan,Age 45 - 54,Male,125,38,6.5,2.78,3.72,1.309,0.1959,0.218,0.0051,163,Significant Positive,Not Significant,1
Japan,Age 55 - 64,Female,125,38,12.24,5.13,7.11,1.652,0.1037,0.222,0.0044,163,Significant Positive,Not Significant,1
Japan,Age 55 - 64,Male,125,38,6.87,0.41,6.46,2.382,0.0203,0.269,0.0005,163,Significant Positive,Significant Positive,1
Japan,Age 65 & Above,Female,125,38,15.07,8.53,6.54,1.289,0.2019,0.158,0.0435,163,Significant Positive,Not Significant,1
Japan,Age 65 & Above,Male,125,38,10.47,4.43,6.04,1.689,0.0953,0.146,0.0626,163,Not Significant,Not Significant,1
Kuwait,Age 14 & Below,Female,125,38,23.28,74.38,-51.1,-1.606,0.1158,-0.076,0.3337,163,Not Significant,Not Significant,0
Kuwait,Age 14 & Below,Male,125,38,30.25,56.73,-26.48,-0.97,0.3372,-0.019,0.8094,163,Not Significant,Not Significant,0
Kuwait,Age 15 - 19,Female,116,34,174.11,150.55,23.56,0.256,0.7987,-0.045,0.5882,150,Not Significant,Not Significant,0
Kuwait,Age 15 - 19,Male,111,34,145.4,55.22,90.17,1.63,0.1058,-0.012,0.8829,145,Not Significant,Not Significant,0
Kuwait,Age 20 - 24,Female,125,38,10.66,32.41,-21.76,-1.123,0.2673,-0.068,0.3868,163,Not Significant,Not Significant,0
Kuwait,Age 20 - 24,Male,122,38,16.76,86.56,-69.8,-1.76,0.086,-0.08,0.3133,160,Not Significant,Not Significant,0
Kuwait,Age 25 - 34,Female,125,38,12.14,52.41,-40.27,-1.662,0.1043,-0.145,0.0653,163,Not Significant,Not Significant,0
Kuwait,Age 25 - 34,Male,125,38,4.65,22.76,-18.1,-1.611,0.1143,-0.048,0.5398,163,Not Significant,Not Significant,0
Kuwait,Age 35 - 44,Female,125,38,15.93,26.61,-10.68,-0.748,0.4577,0.014,0.8622,163,Not Significant,Not Significant,0
Kuwait,Age 35 - 44,Male,125,38,6.06,5.83,0.22,0.029,0.977,0.071,0.3659,163,Not Significant,Not Significant,0
Kuwait,Age 45 - 54,Female,125,38,16.59,17.17,-0.58,-0.042,0.9665,0.026,0.738,163,Not Significant,Not Significant,0
Kuwait,Age 45 - 54,Male,125,38,5.52,4.26,1.26,0.171,0.8647,0.118,0.1347,163,Not Significant,Not Significant,0
Kuwait,Age 55 - 64,Female,125,38,14.49,52.62,-38.13,-2.002,0.0507,-0.128,0.1038,163,Not Significant,Not Significant,0
Kuwait,Age 55 - 64,Male,125,38,7.26,15.44,-8.18,-0.743,0.4601,-0.085,0.2808,163,Not Significant,Not Significant,0
Kuwait,Age 65 & Above,Female,118,34,45.77,121.81,-76.04,-1.198,0.2388,-0.049,0.5469,152,Not Significant,Not Significant,0
Kuwait,Age 65 & Above,Male,123,38,18.91,38.86,-19.95,-0.928,0.3583,-0.009,0.9139,161,Not Significant,Not Significant,0
Malaysia,Age 14 & Below,Female,125,38,8.12,28.95,-20.83,-2.895,0.0057,-0.168,0.0316,163,Significant Negative,Significant Negative,1
Malaysia,Age 14 & Below,Male,125,38,7.87,27.52,-19.65,-2.821,0.0069,-0.151,0.0547,163,Not Significant,Significant Negative,1
Malaysia,Age 15 - 19,Female,125,38,9.65,28.2,-18.56,-2.564,0.0136,-0.115,0.1446,163,Not Significant,Significant Negative,1
Malaysia,Age 15 - 19,Male,125,38,8.48,24.88,-16.4,-2.664,0.0103,-0.136,0.0841,163,Not Significant,Significant Negative,1
Malaysia,Age 20 - 24,Female,125,38,6.9,17.59,-10.69,-2.433,0.0188,-0.092,0.2424,163,Not Significant,Significant Negative,1
Malaysia,Age 20 - 24,Male,125,38,5.1,15.53,-10.44,-3.02,0.0041,-0.164,0.0361,163,Significant Negative,Significant Negative,1
Malaysia,Age 25 - 34,Female,125,38,6.16,14.78,-8.62,-2.224,0.0307,-0.056,0.4777,163,Not Significant,Significant Negative,1
Malaysia,Age 25 - 34,Male,125,38,4.27,8.3,-4.03,-1.564,0.1239,0.004,0.9634,163,Not Significant,Not Significant,1
Malaysia,Age 35 - 44,Female,125,38,6.57,14.7,-8.13,-2.142,0.0372,-0.048,0.5453,163,Not Significant,Significant Negative,1
Malaysia,Age 35 - 44,Male,125,38,2.66,7.54,-4.88,-1.76,0.0846,0.001,0.9914,163,Not Significant,Not Significant,1
Malaysia,Age 45 - 54,Female,125,38,6.61,16.53,-9.92,-2.708,0.0095,-0.106,0.1773,163,Not Significant,Significant Negative,1
Malaysia,Age 45 - 54,Male,125,38,2.78,8.01,-5.24,-2.03,0.0479,-0.056,0.4788,163,Not Significant,Significant Negative,1
Malaysia,Age 55 - 64,Female,125,38,8.38,20.37,-11.98,-2.902,0.0057,-0.201,0.01,163,Significant Negative,Significant Negative,1
Malaysia,Age 55 - 64,Male,125,38,4.91,14.3,-9.4,-3.036,0.0039,-0.181,0.0208,163,Significant Negative,Significant Negative,1
Malaysia,Age 65 & Above,Female,125,38,10.91,22.35,-11.45,-2.836,0.0068,-0.219,0.0049,163,Significant Negative,Significant Negative,1
Malaysia,Age 65 & Above,Male,125,38,9.23,19.15,-9.92,-2.877,0.0061,-0.234,0.0027,163,Significant Negative,Significant Negative,1
Mauritius,Age 14 & Below,Female,125,38,23.27,18.33,4.93,0.462,0.6452,0.083,0.2904,163,Not Significant,Not Significant,0
Mauritius,Age 14 & Below,Male,125,38,19.82,15.62,4.2,0.339,0.7354,-0.004,0.9549,163,Not Significant,Not Significant,0
Mauritius,Age 15 - 19,Female,123,37,46.13,14.19,31.94,1.281,0.2041,0.087,0.2736,160,Not Significant,Not Significant,0
Mauritius,Age 15 - 19,Male,123,37,50.62,-3.29,53.91,2.038,0.0433,0.119,0.1344,160,Not Significant,Significant Positive,0
Mauritius,Age 20 - 24,Female,125,38,17.9,11.43,6.47,0.637,0.5257,0.056,0.4747,163,Not Significant,Not Significant,0
Mauritius,Age 20 - 24,Male,125,38,17.66,-6.4,24.06,2.822,0.006,0.108,0.1707,163,Not Significant,Significant Positive,0
Mauritius,Age 25 - 34,Female,125,38,10.86,8.64,2.22,0.31,0.7576,-0.094,0.2318,163,Not Significant,Not Significant,0
Mauritius,Age 25 - 34,Male,125,38,5.45,1.4,4.05,0.58,0.564,-0.011,0.8887,163,Not Significant,Not Significant,0
Mauritius,Age 35 - 44,Female,125,38,9.18,3.65,5.54,0.997,0.3219,0.027,0.7365,163,Not Significant,Not Significant,0
Mauritius,Age 35 - 44,Male,125,38,5.8,-7.14,12.94,2.325,0.0227,0.142,0.0702,163,Not Significant,Significant Positive,0
Mauritius,Age 45 - 54,Female,125,38,8.1,0.71,7.39,1.212,0.2297,0.009,0.909,163,Not Significant,Not Significant,0
Mauritius,Age 45 - 54,Male,125,38,1.68,-4.88,6.55,1.285,0.2037,0.063,0.4221,163,Not Significant,Not Significant,0
Mauritius,Age 55 - 64,Female,125,38,9.41,4.32,5.09,0.882,0.3808,-0.062,0.4332,163,Not Significant,Not Significant,0
Mauritius,Age 55 - 64,Male,125,38,8.21,2.06,6.15,1.026,0.3091,-0.024,0.76,163,Not Significant,Not Significant,0
Mauritius,Age 65 & Above,Female,125,38,22.48,8.36,14.12,1.406,0.1634,-0.052,0.5104,163,Not Significant,Not Significant,0
Mauritius,Age 65 & Above,Male,125,38,14.75,5.79,8.96,1.285,0.2032,-0.04,0.6102,163,Not Significant,Not Significant,0
Myanmar,Age 14 & Below,Female,125,38,13.13,10.84,2.29,0.428,0.6699,0.144,0.0676,163,Not Significant,Not Significant,0
Myanmar,Age 14 & Below,Male,125,38,15.37,7.63,7.74,1.519,0.1334,0.253,0.0011,163,Significant Positive,Not Significant,0
Myanmar,Age 15 - 19,Female,125,38,13.84,13.53,0.32,0.063,0.9498,0.088,0.2635,163,Not Significant,Not Significant,0
Myanmar,Age 15 - 19,Male,125,38,12.82,2.63,10.19,1.864,0.0672,0.159,0.0425,163,Significant Positive,Not Significant,0
Myanmar,Age 20 - 24,Female,125,38,11.13,17.26,-6.12,-1.101,0.2753,0.082,0.2992,163,Not Significant,Not Significant,0
Myanmar,Age 20 - 24,Male,125,38,6.99,-1.24,8.23,1.864,0.0668,0.24,0.002,163,Significant Positive,Not Significant,0
Myanmar,Age 25 - 34,Female,125,38,11.76,8.35,3.41,0.978,0.3323,0.121,0.1233,163,Not Significant,Not Significant,0
Myanmar,Age 25 - 34,Male,125,38,9.94,3.0,6.94,1.595,0.1163,0.237,0.0023,163,Significant Positive,Not Significant,0
Myanmar,Age 35 - 44,Female,125,38,13.46,7.31,6.15,2.138,0.0361,0.264,0.0007,163,Significant Positive,Significant Positive,0
Myanmar,Age 35 - 44,Male,125,38,9.65,5.83,3.81,1.116,0.2695,0.249,0.0013,163,Significant Positive,Not Significant,0
Myanmar,Age 45 - 54,Female,125,38,13.15,16.71,-3.56,-1.061,0.2928,0.098,0.211,163,Not Significant,Not Significant,0
Myanmar,Age 45 - 54,Male,125,38,10.88,8.54,2.34,0.727,0.4705,0.246,0.0016,163,Significant Positive,Not Significant,0
Myanmar,Age 55 - 64,Female,125,38,15.11,18.23,-3.12,-0.902,0.3703,0.085,0.2779,163,Not Significant,Not Significant,0
Myanmar,Age 55 - 64,Male,125,38,12.06,16.21,-4.14,-1.133,0.262,0.034,0.6621,163,Not Significant,Not Significant,0
Myanmar,Age 65 & Above,Female,125,38,15.37,18.29,-2.92,-0.826,0.4123,0.095,0.2259,163,Not Significant,Not Significant,0
Myanmar,Age 65 & Above,Male,125,38,12.61,18.43,-5.81,-1.718,0.091,0.004,0.9604,163,Not Significant,Not Significant,0
Netherlands,Age 14 & Below,Female,125,38,7.93,3.6,4.33,0.976,0.3326,0.107,0.1737,163,Not Significant,Not Significant,0
Netherlands,Age 14 & Below,Male,125,38,7.79,7.81,-0.02,-0.003,0.9974,0.015,0.8471,163,Not Significant,Not Significant,0
Netherlands,Age 15 - 19,Female,125,38,12.87,6.3,6.57,0.911,0.3665,0.053,0.4998,163,Not Significant,Not Significant,0
Netherlands,Age 15 - 19,Male,125,38,13.76,-3.05,16.81,2.901,0.005,0.123,0.1176,163,Not Significant,Significant Positive,0
Netherlands,Age 20 - 24,Female,125,38,7.07,6.64,0.44,0.12,0.905,-0.054,0.4941,163,Not Significant,Not Significant,0
Netherlands,Age 20 - 24,Male,125,38,5.86,8.02,-2.16,-0.582,0.5632,-0.07,0.3771,163,Not Significant,Not Significant,0
Netherlands,Age 25 - 34,Female,125,38,4.46,2.57,1.89,0.818,0.4167,-0.045,0.5662,163,Not Significant,Not Significant,0
Netherlands,Age 25 - 34,Male,125,38,3.55,2.03,1.52,0.677,0.5015,-0.038,0.6289,163,Not Significant,Not Significant,0
Netherlands,Age 35 - 44,Female,125,38,4.54,1.3,3.24,1.358,0.1796,0.13,0.0977,163,Not Significant,Not Significant,0
Netherlands,Age 35 - 44,Male,125,38,0.81,-0.83,1.64,0.902,0.3711,0.131,0.0948,163,Not Significant,Not Significant,0
Netherlands,Age 45 - 54,Female,125,38,5.58,1.49,4.09,1.813,0.0745,0.025,0.7522,163,Not Significant,Not Significant,0
Netherlands,Age 45 - 54,Male,125,38,3.04,-0.18,3.22,1.587,0.118,0.064,0.4186,163,Not Significant,Not Significant,0
Netherlands,Age 55 - 64,Female,125,38,5.34,-1.41,6.75,2.98,0.0039,0.217,0.0055,163,Significant Positive,Significant Positive,0
Netherlands,Age 55 - 64,Male,125,38,3.66,0.83,2.83,1.577,0.1198,0.091,0.2497,163,Not Significant,Not Significant,0
Netherlands,Age 65 & Above,Female,125,38,6.73,6.37,0.36,0.1,0.9203,0.051,0.5194,163,Not Significant,Not Significant,0
Netherlands,Age 65 & Above,Male,125,38,6.75,3.94,2.81,0.819,0.4164,0.043,0.5845,163,Not Significant,Not Significant,0
New Zealand,Age 14 & Below,Female,125,38,6.66,1.3,5.36,1.35,0.182,0.084,0.2846,163,Not Significant,Not Significant,0
New Zealand,Age 14 & Below,Male,125,38,6.8,4.54,2.26,0.539,0.5917,0.038,0.6262,163,Not Significant,Not Significant,0
New Zealand,Age 15 - 19,Female,125,38,8.52,4.47,4.05,0.629,0.5313,0.031,0.6958,163,Not Significant,Not Significant,0
New Zealand,Age 15 - 19,Male,125,38,9.51,10.88,-1.36,-0.148,0.8826,-0.021,0.7875,163,Not Significant,Not Significant,0
New Zealand,Age 20 - 24,Female,125,38,8.95,-2.43,11.38,2.503,0.0146,0.094,0.2305,163,Not Significant,Significant Positive,0
New Zealand,Age 20 - 24,Male,125,38,8.17,1.2,6.97,1.484,0.1417,0.077,0.3266,163,Not Significant,Not Significant,0
New Zealand,Age 25 - 34,Female,125,38,7.05,-3.21,10.26,2.645,0.01,0.142,0.0707,163,Not Significant,Significant Positive,0
New Zealand,Age 25 - 34,Male,125,38,4.99,-1.97,6.96,2.037,0.0456,0.119,0.1316,163,Not Significant,Significant Positive,0
New Zealand,Age 35 - 44,Female,125,38,6.72,0.16,6.55,1.954,0.055,0.131,0.0964,163,Not Significant,Not Significant,0
New Zealand,Age 35 - 44,Male,125,38,4.18,-1.95,6.13,2.469,0.0165,0.214,0.006,163,Significant Positive,Significant Positive,0
New Zealand,Age 45 - 54,Female,125,38,6.88,-0.29,7.16,2.227,0.0294,0.187,0.0169,163,Significant Positive,Significant Positive,0
New Zealand,Age 45 - 54,Male,125,38,3.87,-1.33,5.19,2.117,0.038,0.188,0.0164,163,Significant Positive,Significant Positive,0
New Zealand,Age 55 - 64,Female,125,38,7.89,1.68,6.21,2.201,0.0315,0.251,0.0012,163,Significant Positive,Significant Positive,0
New Zealand,Age 55 - 64,Male,125,38,5.68,-0.0,5.68,2.433,0.0178,0.193,0.0137,163,Significant Positive,Significant Positive,0
New Zealand,Age 65 & Above,Female,125,38,13.11,6.83,6.27,2.107,0.0385,0.184,0.019,163,Significant Positive,Significant Positive,0
New Zealand,Age 65 & Above,Male,125,38,11.57,5.58,5.99,2.163,0.0341,0.184,0.0185,163,Significant Positive,Significant Positive,0
Norway,Age 14 & Below,Female,125,38,13.35,-2.47,15.82,2.786,0.0061,0.076,0.3361,163,Not Significant,Significant Positive,0
Norway,Age 14 & Below,Male,125,38,11.44,6.1,5.34,0.703,0.484,-0.052,0.5095,163,Not Significant,Not Significant,0
Norway,Age 15 - 19,Female,125,38,28.17,12.98,15.19,1.107,0.2705,0.027,0.734,163,Not Significant,Not Significant,0
Norway,Age 15 - 19,Male,125,38,46.66,18.97,27.69,1.283,0.2021,0.009,0.9089,163,Not Significant,Not Significant,0
Norway,Age 20 - 24,Female,125,38,9.64,2.94,6.7,1.205,0.2312,0.077,0.3315,163,Not Significant,Not Significant,0
Norway,Age 20 - 24,Male,125,38,11.95,8.34,3.6,0.473,0.6368,0.0,0.9962,163,Not Significant,Not Significant,0
Norway,Age 25 - 34,Female,125,38,4.62,4.34,0.29,0.069,0.9454,-0.049,0.5328,163,Not Significant,Not Significant,0
Norway,Age 25 - 34,Male,125,38,-0.99,3.53,-4.51,-1.616,0.1098,-0.137,0.0821,163,Not Significant,Not Significant,0
Norway,Age 35 - 44,Female,125,38,5.73,0.28,5.45,1.38,0.1719,-0.047,0.5531,163,Not Significant,Not Significant,0
Norway,Age 35 - 44,Male,125,38,-0.23,-1.49,1.26,0.507,0.6133,-0.045,0.5701,163,Not Significant,Not Significant,0
Norway,Age 45 - 54,Female,125,38,5.58,3.91,1.67,0.442,0.6596,0.028,0.7211,163,Not Significant,Not Significant,0
Norway,Age 45 - 54,Male,125,38,0.67,1.77,-1.1,-0.453,0.6521,-0.074,0.3477,163,Not Significant,Not Significant,0
Norway,Age 55 - 64,Female,125,38,5.17,3.57,1.6,0.349,0.7278,-0.014,0.8551,163,Not Significant,Not Significant,0
Norway,Age 55 - 64,Male,125,38,3.46,-0.77,4.23,1.479,0.1441,0.093,0.2359,163,Not Significant,Not Significant,0
Norway,Age 65 & Above,Female,125,38,11.16,5.85,5.31,0.677,0.5014,-0.001,0.9868,163,Not Significant,Not Significant,0
Norway,Age 65 & Above,Male,125,38,7.84,3.48,4.36,0.864,0.3911,0.001,0.9923,163,Not Significant,Not Significant,0
Other Markets in Africa,Age 14 & Below,Female,125,38,15.81,-10.04,25.85,4.338,0.0,0.305,0.0001,163,Significant Positive,Significant Positive,0
Other Markets in Africa,Age 14 & Below,Male,125,38,12.78,0.18,12.6,2.005,0.0488,0.177,0.0235,163,Significant Positive,Significant Positive,0
Other Markets in Africa,Age 15 - 19,Female,125,38,20.18,13.18,7.01,0.537,0.5936,0.176,0.0249,163,Significant Positive,Not Significant,0
Other Markets in Africa,Age 15 - 19,Male,125,38,33.16,14.26,18.9,1.174,0.2438,0.208,0.0078,163,Significant Positive,Not Significant,0
Other Markets in Africa,Age 20 - 24,Female,125,38,11.44,-0.23,11.67,2.023,0.0456,0.178,0.0229,163,Significant Positive,Significant Positive,0
Other Markets in Africa,Age 20 - 24,Male,125,38,11.05,-13.4,24.46,3.679,0.0004,0.254,0.0011,163,Significant Positive,Significant Positive,0
Other Markets in Africa,Age 25 - 34,Female,125,38,10.46,1.78,8.67,2.095,0.04,0.303,0.0001,163,Significant Positive,Significant Positive,0
Other Markets in Africa,Age 25 - 34,Male,125,38,4.95,-7.81,12.76,3.092,0.0031,0.324,0.0,163,Significant Positive,Significant Positive,0
Other Markets in Africa,Age 35 - 44,Female,125,38,11.06,-3.04,14.1,3.136,0.0025,0.242,0.0018,163,Significant Positive,Significant Positive,0
Other Markets in Africa,Age 35 - 44,Male,125,38,5.4,-4.26,9.66,2.413,0.0189,0.21,0.0072,163,Significant Positive,Significant Positive,0
Other Markets in Africa,Age 45 - 54,Female,125,38,9.6,-0.43,10.02,1.965,0.0533,0.184,0.0189,163,Significant Positive,Not Significant,0
Other Markets in Africa,Age 45 - 54,Male,125,38,6.53,-2.7,9.22,2.302,0.0245,0.242,0.0018,163,Significant Positive,Significant Positive,0
Other Markets in Africa,Age 55 - 64,Female,125,38,13.88,1.19,12.7,2.29,0.0241,0.161,0.0395,163,Significant Positive,Significant Positive,0
Other Markets in Africa,Age 55 - 64,Male,125,38,8.98,2.31,6.67,1.391,0.1685,0.126,0.11,163,Not Significant,Not Significant,0
Other Markets in Africa,Age 65 & Above,Female,125,38,15.34,-2.39,17.73,2.782,0.0063,0.14,0.074,163,Not Significant,Significant Positive,0
Other Markets in Africa,Age 65 & Above,Male,125,38,10.95,1.26,9.69,1.804,0.0748,0.078,0.3197,163,Not Significant,Not Significant,0
Other Markets in Americas,Age 14 & Below,Female,125,38,22.95,13.17,9.77,1.248,0.215,0.082,0.296,163,Not Significant,Not Significant,0
Other Markets in Americas,Age 14 & Below,Male,125,38,23.53,19.07,4.46,0.509,0.612,0.085,0.278,163,Not Significant,Not Significant,0
Other Markets in Americas,Age 15 - 19,Female,125,38,20.6,35.41,-14.81,-0.732,0.4681,-0.056,0.4758,163,Not Significant,Not Significant,0
Other Markets in Americas,Age 15 - 19,Male,125,38,27.73,58.28,-30.54,-0.784,0.4376,-0.064,0.416,163,Not Significant,Not Significant,0
Other Markets in Americas,Age 20 - 24,Female,125,38,11.43,5.41,6.01,1.294,0.2007,-0.002,0.9777,163,Not Significant,Not Significant,0
Other Markets in Americas,Age 20 - 24,Male,125,38,13.02,9.93,3.09,0.529,0.5986,0.077,0.3308,163,Not Significant,Not Significant,0
Other Markets in Americas,Age 25 - 34,Female,125,38,13.41,15.27,-1.86,-0.52,0.605,-0.114,0.1457,163,Not Significant,Not Significant,0
Other Markets in Americas,Age 25 - 34,Male,125,38,10.52,11.86,-1.34,-0.352,0.7259,-0.072,0.3625,163,Not Significant,Not Significant,0
Other Markets in Americas,Age 35 - 44,Female,125,38,16.77,11.4,5.37,1.224,0.2251,0.078,0.3206,163,Not Significant,Not Significant,0
Other Markets in Americas,Age 35 - 44,Male,125,38,13.4,6.53,6.87,1.697,0.0952,0.134,0.0873,163,Not Significant,Not Significant,0
Other Markets in Americas,Age 45 - 54,Female,125,38,15.71,11.37,4.33,0.891,0.3753,0.035,0.6552,163,Not Significant,Not Significant,0
Other Markets in Americas,Age 45 - 54,Male,125,38,10.76,10.04,0.72,0.179,0.8582,0.042,0.5946,163,Not Significant,Not Significant,0
Other Markets in Americas,Age 55 - 64,Female,125,38,17.0,15.86,1.14,0.222,0.8252,-0.011,0.8936,163,Not Significant,Not Significant,0
Other Markets in Americas,Age 55 - 64,Male,125,38,12.17,12.3,-0.13,-0.037,0.9709,-0.005,0.9489,163,Not Significant,Not Significant,0
Other Markets in Americas,Age 65 & Above,Female,125,38,20.66,24.05,-3.39,-0.463,0.6452,-0.074,0.3461,163,Not Significant,Not Significant,0
Other Markets in Americas,Age 65 & Above,Male,125,38,15.59,17.7,-2.11,-0.404,0.6873,-0.026,0.7395,163,Not Significant,Not Significant,0
Other Markets in Europe,Age 14 & Below,Female,125,38,17.03,13.91,3.12,0.735,0.4657,0.228,0.0034,163,Significant Positive,Not Significant,0
Other Markets in Europe,Age 14 & Below,Male,125,38,16.48,14.4,2.09,0.53,0.5981,0.16,0.0409,163,Significant Positive,Not Significant,0
Other Markets in Europe,Age 15 - 19,Female,125,38,20.69,12.74,7.95,1.145,0.2573,0.186,0.0174,163,Significant Positive,Not Significant,0
Other Markets in Europe,Age 15 - 19,Male,125,38,21.25,12.52,8.73,1.174,0.2452,0.075,0.3445,163,Not Significant,Not Significant,0
Other Markets in Europe,Age 20 - 24,Female,125,38,13.96,8.89,5.07,1.835,0.0714,0.266,0.0006,163,Significant Positive,Not Significant,0
Other Markets in Europe,Age 20 - 24,Male,125,38,13.32,10.82,2.5,0.846,0.4006,0.235,0.0025,163,Significant Positive,Not Significant,0
Other Markets in Europe,Age 25 - 34,Female,125,38,11.82,7.86,3.97,1.758,0.0837,0.165,0.0354,163,Significant Positive,Not Significant,0
Other Markets in Europe,Age 25 - 34,Male,125,38,10.3,6.46,3.84,1.989,0.0503,0.204,0.0089,163,Significant Positive,Not Significant,0
Other Markets in Europe,Age 35 - 44,Female,125,38,13.7,8.48,5.22,1.762,0.0839,0.241,0.002,163,Significant Positive,Not Significant,0
Other Markets in Europe,Age 35 - 44,Male,125,38,9.79,6.25,3.54,1.592,0.1165,0.247,0.0015,163,Significant Positive,Not Significant,0
Other Markets in Europe,Age 45 - 54,Female,125,38,14.13,10.31,3.82,1.33,0.188,0.191,0.0146,163,Significant Positive,Not Significant,0
Other Markets in Europe,Age 45 - 54,Male,125,38,10.8,6.52,4.27,2.087,0.0403,0.22,0.0048,163,Significant Positive,Significant Positive,0
Other Markets in Europe,Age 55 - 64,Female,125,38,14.09,8.79,5.3,1.828,0.0723,0.203,0.0093,163,Significant Positive,Not Significant,0
Other Markets in Europe,Age 55 - 64,Male,125,38,9.77,7.54,2.23,0.914,0.3647,0.196,0.0123,163,Significant Positive,Not Significant,0
Other Markets in Europe,Age 65 & Above,Female,125,38,15.52,16.64,-1.13,-0.289,0.7732,-0.043,0.5891,163,Not Significant,Not Significant,0
Other Markets in Europe,Age 65 & Above,Male,125,38,11.54,13.74,-2.2,-0.638,0.5263,-0.054,0.497,163,Not Significant,Not Significant,0
Other Markets in Greater China,Age 14 & Below,Female,125,38,18.55,44.01,-25.46,-1.673,0.101,-0.154,0.0502,163,Not Significant,Not Significant,0
Other Markets in Greater China,Age 14 & Below,Male,125,38,17.97,47.25,-29.28,-1.94,0.0585,-0.18,0.0218,163,Significant Negative,Not Significant,0
Other Markets in Greater China,Age 15 - 19,Female,125,38,24.48,17.14,7.34,0.471,0.639,0.059,0.4513,163,Not Significant,Not Significant,0
Other Markets in Greater China,Age 15 - 19,Male,125,38,24.87,38.09,-13.22,-0.738,0.4641,-0.087,0.2719,163,Not Significant,Not Significant,0
Other Markets in Greater China,Age 20 - 24,Female,125,38,7.3,13.06,-5.77,-0.847,0.4001,0.059,0.4536,163,Not Significant,Not Significant,0
Other Markets in Greater China,Age 20 - 24,Male,125,38,7.56,20.2,-12.64,-1.577,0.1207,-0.025,0.752,163,Not Significant,Not Significant,0
Other Markets in Greater China,Age 25 - 34,Female,125,38,5.95,25.12,-19.17,-2.963,0.0047,-0.17,0.0297,163,Significant Negative,Significant Negative,0
Other Markets in Greater China,Age 25 - 34,Male,125,38,8.82,21.59,-12.77,-1.754,0.0853,-0.072,0.3582,163,Not Significant,Not Significant,0
Other Markets in Greater China,Age 35 - 44,Female,125,38,7.65,28.3,-20.64,-2.139,0.0383,-0.14,0.0742,163,Not Significant,Significant Negative,0
Other Markets in Greater China,Age 35 - 44,Male,125,38,6.94,22.69,-15.75,-1.921,0.0613,-0.086,0.2736,163,Not Significant,Not Significant,0
Other Markets in Greater China,Age 45 - 54,Female,125,38,6.27,33.11,-26.84,-2.876,0.0063,-0.174,0.0267,163,Significant Negative,Significant Negative,0
Other Markets in Greater China,Age 45 - 54,Male,125,38,5.29,22.52,-17.23,-2.273,0.028,-0.102,0.1952,163,Not Significant,Significant Negative,0
Other Markets in Greater China,Age 55 - 64,Female,125,38,13.67,42.07,-28.4,-2.275,0.028,-0.216,0.0055,163,Significant Negative,Significant Negative,0
Other Markets in Greater China,Age 55 - 64,Male,125,38,9.33,34.56,-25.23,-2.381,0.022,-0.202,0.0097,163,Significant Negative,Significant Negative,0
Other Markets in Greater China,Age 65 & Above,Female,125,38,18.73,39.64,-20.91,-1.636,0.1088,-0.091,0.2455,163,Not Significant,Not Significant,0
Other Markets in Greater China,Age 65 & Above,Male,125,38,12.15,47.87,-35.72,-2.707,0.0097,-0.219,0.005,163,Significant Negative,Significant Negative,0
Other Markets in North Asia,Age 14 & Below,Female,93,31,35.6,51.76,-16.16,-0.531,0.5981,-0.07,0.4426,124,Not Significant,Not Significant,0
Other Markets in North Asia,Age 20 - 24,Male,80,31,37.22,22.47,14.75,0.438,0.6637,0.079,0.4072,111,Not Significant,Not Significant,0
Other Markets in North Asia,Age 25 - 34,Female,116,36,45.57,46.53,-0.96,-0.03,0.9762,-0.105,0.1967,152,Not Significant,Not Significant,0
Other Markets in North Asia,Age 25 - 34,Male,121,38,64.56,17.13,47.43,1.892,0.0608,0.118,0.1378,159,Not Significant,Not Significant,0
Other Markets in North Asia,Age 35 - 44,Female,110,36,32.03,86.92,-54.89,-1.35,0.1836,-0.14,0.0927,146,Not Significant,Not Significant,0
Other Markets in North Asia,Age 35 - 44,Male,115,38,34.21,24.72,9.49,0.298,0.7663,0.062,0.4442,153,Not Significant,Not Significant,0
Other Markets in North Asia,Age 45 - 54,Female,109,35,40.32,39.02,1.29,0.043,0.9661,-0.02,0.8143,144,Not Significant,Not Significant,0
Other Markets in North Asia,Age 45 - 54,Male,120,38,46.49,20.5,25.99,0.758,0.4494,0.119,0.1377,158,Not Significant,Not Significant,0
Other Markets in North Asia,Age 55 - 64,Female,105,33,28.04,18.23,9.81,0.455,0.6509,-0.117,0.173,138,Not Significant,Not Significant,0
Other Markets in North Asia,Age 55 - 64,Male,115,36,29.99,45.21,-15.22,-0.377,0.7083,-0.035,0.6678,151,Not Significant,Not Significant,0
Other Markets in Oceania,Age 14 & Below,Female,125,38,14.35,-0.1,14.45,1.923,0.0581,-0.001,0.9887,163,Not Significant,Not Significant,0
Other Markets in Oceania,Age 14 & Below,Male,125,38,15.26,0.93,14.33,2.145,0.0348,0.055,0.4869,163,Not Significant,Significant Positive,0
Other Markets in Oceania,Age 15 - 19,Female,125,38,33.51,34.6,-1.09,-0.04,0.9685,-0.081,0.3059,163,Not Significant,Not Significant,0
Other Markets in Oceania,Age 15 - 19,Male,125,38,34.48,24.18,10.3,0.583,0.5614,0.039,0.624,163,Not Significant,Not Significant,0
Other Markets in Oceania,Age 20 - 24,Female,125,38,25.5,19.17,6.33,0.572,0.5693,-0.041,0.6019,163,Not Significant,Not Significant,0
Other Markets in Oceania,Age 20 - 24,Male,125,38,24.72,42.45,-17.73,-0.807,0.4237,0.013,0.8739,163,Not Significant,Not Significant,0
Other Markets in Oceania,Age 25 - 34,Female,125,38,12.92,5.58,7.33,1.405,0.1644,0.025,0.7481,163,Not Significant,Not Significant,0
Other Markets in Oceania,Age 25 - 34,Male,125,38,9.47,6.09,3.38,0.725,0.471,0.034,0.6683,163,Not Significant,Not Significant,0
Other Markets in Oceania,Age 35 - 44,Female,125,38,12.0,1.33,10.67,2.362,0.0206,0.14,0.0748,163,Not Significant,Significant Positive,0
Other Markets in Oceania,Age 35 - 44,Male,125,38,5.78,-2.98,8.76,2.868,0.0055,0.225,0.004,163,Significant Positive,Significant Positive,0
Other Markets in Oceania,Age 45 - 54,Female,125,38,11.54,-1.92,13.46,3.021,0.0032,0.1,0.2057,163,Not Significant,Significant Positive,0
Other Markets in Oceania,Age 45 - 54,Male,125,38,3.45,-2.42,5.87,1.969,0.0531,0.071,0.3653,163,Not Significant,Not Significant,0
Other Markets in Oceania,Age 55 - 64,Female,125,38,9.68,2.88,6.8,1.175,0.2447,0.032,0.6838,163,Not Significant,Not Significant,0
Other Markets in Oceania,Age 55 - 64,Male,125,38,5.8,1.41,4.39,1.15,0.2544,0.088,0.2627,163,Not Significant,Not Significant,0
Other Markets in Oceania,Age 65 & Above,Female,125,38,16.96,3.65,13.3,1.619,0.1099,-0.02,0.7971,163,Not Significant,Not Significant,0
Other Markets in Oceania,Age 65 & Above,Male,125,38,8.35,3.57,4.78,0.875,0.3849,-0.14,0.074,163,Not Significant,Not Significant,0
Other Markets in South Asia,Age 14 & Below,Female,125,38,16.16,9.62,6.54,0.612,0.5416,0.11,0.1609,163,Not Significant,Not Significant,0
Other Markets in South Asia,Age 14 & Below,Male,125,38,16.91,15.08,1.82,0.159,0.8741,0.067,0.3978,163,Not Significant,Not Significant,0
Other Markets in South Asia,Age 15 - 19,Female,125,38,17.74,5.83,11.92,1.322,0.1896,0.098,0.2128,163,Not Significant,Not Significant,0
Other Markets in South Asia,Age 15 - 19,Male,125,38,16.75,-5.38,22.13,2.51,0.0141,0.125,0.1124,163,Not Significant,Significant Positive,0
Other Markets in South Asia,Age 20 - 24,Female,125,38,8.21,-6.57,14.78,2.576,0.0122,0.06,0.4497,163,Not Significant,Significant Positive,0
Other Markets in South Asia,Age 20 - 24,Male,125,38,10.68,-8.13,18.82,2.71,0.0082,0.136,0.0841,163,Not Significant,Significant Positive,0
Other Markets in South Asia,Age 25 - 34,Female,125,38,6.35,3.49,2.86,0.807,0.4222,0.051,0.515,163,Not Significant,Not Significant,0
Other Markets in South Asia,Age 25 - 34,Male,125,38,4.32,-4.02,8.34,2.239,0.0286,0.121,0.1228,163,Not Significant,Significant Positive,0
Other Markets in South Asia,Age 35 - 44,Female,125,38,10.18,3.76,6.42,1.309,0.1956,0.085,0.2792,163,Not Significant,Not Significant,0
Other Markets in South Asia,Age 35 - 44,Male,125,38,3.97,2.21,1.76,0.514,0.6095,0.097,0.2181,163,Not Significant,Not Significant,0
Other Markets in South Asia,Age 45 - 54,Female,125,38,10.99,4.77,6.22,1.316,0.1927,0.148,0.059,163,Not Significant,Not Significant,0
Other Markets in South Asia,Age 45 - 54,Male,125,38,6.01,2.06,3.95,1.022,0.3111,0.134,0.0892,163,Not Significant,Not Significant,0
Other Markets in South Asia,Age 55 - 64,Female,125,38,15.05,11.21,3.84,0.603,0.5486,0.138,0.0783,163,Not Significant,Not Significant,0
Other Markets in South Asia,Age 55 - 64,Male,125,38,8.14,7.13,1.01,0.221,0.826,0.061,0.4412,163,Not Significant,Not Significant,0
Other Markets in South Asia,Age 65 & Above,Female,125,38,16.9,17.11,-0.21,-0.023,0.9821,0.057,0.4692,163,Not Significant,Not Significant,0
Other Markets in South Asia,Age 65 & Above,Male,125,38,12.12,11.98,0.14,0.023,0.9814,0.097,0.2194,163,Not Significant,Not Significant,0
Other Markets in Southeast Asia,Age 14 & Below,Female,125,38,14.93,24.32,-9.39,-1.389,0.1706,-0.137,0.0815,163,Not Significant,Not Significant,0
Other Markets in Southeast Asia,Age 14 & Below,Male,125,38,14.59,27.23,-12.64,-1.654,0.1042,-0.156,0.0461,163,Significant Negative,Not Significant,0
Other Markets in Southeast Asia,Age 15 - 19,Female,125,38,11.93,15.59,-3.66,-0.608,0.5458,-0.127,0.1061,163,Not Significant,Not Significant,0
Other Markets in Southeast Asia,Age 15 - 19,Male,125,38,11.66,15.56,-3.91,-0.673,0.5035,-0.114,0.1489,163,Not Significant,Not Significant,0
Other Markets in Southeast Asia,Age 20 - 24,Female,125,38,8.84,14.35,-5.51,-1.445,0.1528,-0.073,0.3534,163,Not Significant,Not Significant,0
Other Markets in Southeast Asia,Age 20 - 24,Male,125,38,7.78,16.73,-8.95,-1.471,0.1476,-0.153,0.0515,163,Not Significant,Not Significant,0
Other Markets in Southeast Asia,Age 25 - 34,Female,125,38,10.82,16.86,-6.04,-1.662,0.1018,-0.151,0.0539,163,Not Significant,Not Significant,0
Other Markets in Southeast Asia,Age 25 - 34,Male,125,38,9.59,17.11,-7.52,-1.936,0.058,-0.179,0.022,163,Significant Negative,Not Significant,0
Other Markets in Southeast Asia,Age 35 - 44,Female,125,38,14.31,16.42,-2.1,-0.516,0.6074,-0.114,0.146,163,Not Significant,Not Significant,0
Other Markets in Southeast Asia,Age 35 - 44,Male,125,38,10.16,13.76,-3.61,-1.063,0.2921,-0.056,0.48,163,Not Significant,Not Significant,0
Other Markets in Southeast Asia,Age 45 - 54,Female,125,38,10.97,11.35,-0.39,-0.084,0.9336,-0.111,0.1592,163,Not Significant,Not Significant,0
Other Markets in Southeast Asia,Age 45 - 54,Male,125,38,11.39,10.67,0.72,0.19,0.8498,-0.029,0.7177,163,Not Significant,Not Significant,0
Other Markets in Southeast Asia,Age 55 - 64,Female,125,38,11.41,16.79,-5.39,-0.874,0.3861,-0.199,0.0108,163,Significant Negative,Not Significant,0
Other Markets in Southeast Asia,Age 55 - 64,Male,125,38,6.7,16.85,-10.16,-2.673,0.0095,-0.23,0.0032,163,Significant Negative,Significant Negative,0
Other Markets in Southeast Asia,Age 65 & Above,Female,125,38,17.72,16.51,1.2,0.184,0.8544,-0.166,0.0347,163,Significant Negative,Not Significant,0
Other Markets in Southeast Asia,Age 65 & Above,Male,125,38,14.71,18.76,-4.05,-0.678,0.5008,-0.166,0.034,163,Significant Negative,Not Significant,0
Other Markets in West Asia,Age 14 & Below,Female,125,38,16.41,22.66,-6.24,-0.507,0.6143,0.022,0.7803,163,Not Significant,Not Significant,0
Other Markets in West Asia,Age 14 & Below,Male,125,38,13.97,35.13,-21.16,-1.234,0.2239,-0.009,0.9082,163,Not Significant,Not Significant,0
Other Markets in West Asia,Age 15 - 19,Female,125,38,23.34,46.48,-23.14,-1.124,0.2667,-0.004,0.9561,163,Not Significant,Not Significant,0
Other Markets in West Asia,Age 15 - 19,Male,125,38,26.8,20.24,6.56,0.461,0.6455,0.025,0.7562,163,Not Significant,Not Significant,0
Other Markets in West Asia,Age 20 - 24,Female,125,38,14.88,14.06,0.82,0.109,0.9137,0.157,0.0449,163,Significant Positive,Not Significant,0
Other Markets in West Asia,Age 20 - 24,Male,125,38,14.9,7.54,7.36,0.899,0.3719,0.314,0.0,163,Significant Positive,Not Significant,0
Other Markets in West Asia,Age 25 - 34,Female,125,38,9.71,14.23,-4.52,-0.836,0.4069,0.013,0.8713,163,Not Significant,Not Significant,0
Other Markets in West Asia,Age 25 - 34,Male,125,38,8.72,3.94,4.79,1.101,0.2751,0.162,0.0387,163,Significant Positive,Not Significant,0
Other Markets in West Asia,Age 35 - 44,Female,125,38,10.74,13.12,-2.38,-0.339,0.736,0.083,0.2943,163,Not Significant,Not Significant,0
Other Markets in West Asia,Age 35 - 44,Male,125,38,8.07,0.96,7.11,1.576,0.1208,0.253,0.0011,163,Significant Positive,Not Significant,0
Other Markets in West Asia,Age 45 - 54,Female,125,38,10.76,15.32,-4.56,-0.621,0.5376,0.116,0.1399,163,Not Significant,Not Significant,0
Other Markets in West Asia,Age 45 - 54,Male,125,38,4.79,4.27,0.53,0.114,0.9099,0.284,0.0002,163,Significant Positive,Not Significant,0
Other Markets in West Asia,Age 55 - 64,Female,125,38,14.61,12.51,2.1,0.282,0.7787,0.088,0.2651,163,Not Significant,Not Significant,0
Other Markets in West Asia,Age 55 - 64,Male,125,38,6.96,6.0,0.96,0.206,0.8374,0.198,0.0113,163,Significant Positive,Not Significant,0
Other Markets in West Asia,Age 65 & Above,Female,125,38,24.13,32.94,-8.81,-0.569,0.5721,-0.013,0.8656,163,Not Significant,Not Significant,0
Other Markets in West Asia,Age 65 & Above,Male,125,38,13.43,12.28,1.15,0.142,0.8875,0.084,0.2866,163,Not Significant,Not Significant,0
Pakistan,Age 14 & Below,Female,125,38,11.86,4.91,6.95,1.008,0.3169,0.077,0.3302,163,Not Significant,Not Significant,0
Pakistan,Age 14 & Below,Male,125,38,13.72,3.79,9.93,1.473,0.1455,0.083,0.2899,163,Not Significant,Not Significant,0
Pakistan,Age 15 - 19,Female,125,38,24.37,15.42,8.96,0.693,0.4903,0.103,0.1909,163,Not Significant,Not Significant,0
Pakistan,Age 15 - 19,Male,125,38,40.15,1.76,38.39,2.396,0.0177,0.089,0.256,163,Not Significant,Significant Positive,0
Pakistan,Age 20 - 24,Female,125,38,6.82,4.81,2.01,0.35,0.727,0.067,0.3924,163,Not Significant,Not Significant,0
Pakistan,Age 20 - 24,Male,125,38,3.81,-1.08,4.9,0.708,0.4812,0.054,0.4924,163,Not Significant,Not Significant,0
Pakistan,Age 25 - 34,Female,125,38,8.27,2.77,5.5,1.233,0.2222,0.115,0.1432,163,Not Significant,Not Significant,0
Pakistan,Age 25 - 34,Male,125,38,1.6,-3.88,5.48,1.244,0.2182,0.113,0.1505,163,Not Significant,Not Significant,0
Pakistan,Age 35 - 44,Female,125,38,11.46,5.89,5.56,0.921,0.3605,0.118,0.1347,163,Not Significant,Not Significant,0
Pakistan,Age 35 - 44,Male,125,38,3.6,-0.66,4.26,0.853,0.3968,0.126,0.1077,163,Not Significant,Not Significant,0
Pakistan,Age 45 - 54,Female,125,38,10.95,5.12,5.84,0.811,0.4204,0.101,0.2009,163,Not Significant,Not Significant,0
Pakistan,Age 45 - 54,Male,125,38,4.29,0.03,4.26,0.844,0.4011,0.211,0.007,163,Significant Positive,Not Significant,0
Pakistan,Age 55 - 64,Female,125,38,8.07,4.35,3.73,0.616,0.5401,-0.022,0.7817,163,Not Significant,Not Significant,0
Pakistan,Age 55 - 64,Male,125,38,6.37,3.87,2.5,0.458,0.6479,0.109,0.1668,163,Not Significant,Not Significant,0
Pakistan,Age 65 & Above,Female,125,38,12.48,11.71,0.77,0.104,0.9177,0.002,0.9795,163,Not Significant,Not Significant,0
Pakistan,Age 65 & Above,Male,125,38,8.54,5.94,2.6,0.436,0.6644,0.114,0.1478,163,Not Significant,Not Significant,0
Philippines,Age 14 & Below,Female,125,38,10.03,16.54,-6.5,-1.44,0.1547,-0.028,0.7208,163,Not Significant,Not Significant,1
Philippines,Age 14 & Below,Male,125,38,10.81,17.32,-6.51,-1.407,0.1644,-0.011,0.894,163,Not Significant,Not Significant,1
Philippines,Age 15 - 19,Female,125,38,12.52,11.35,1.17,0.214,0.8313,0.112,0.1545,163,Not Significant,Not Significant,1
Philippines,Age 15 - 19,Male,125,38,12.73,14.76,-2.03,-0.363,0.7178,0.049,0.5386,163,Not Significant,Not Significant,1
Philippines,Age 20 - 24,Female,125,38,5.47,-0.35,5.82,1.655,0.1,0.151,0.055,163,Not Significant,Not Significant,1
Philippines,Age 20 - 24,Male,125,38,7.06,9.14,-2.08,-0.592,0.5555,0.028,0.7256,163,Not Significant,Not Significant,1
Philippines,Age 25 - 34,Female,125,38,4.98,1.38,3.6,1.387,0.1678,0.156,0.0468,163,Significant Positive,Not Significant,1
Philippines,Age 25 - 34,Male,125,38,5.32,3.78,1.54,0.517,0.6072,0.12,0.1256,163,Not Significant,Not Significant,1
Philippines,Age 35 - 44,Female,125,38,7.46,5.66,1.8,0.764,0.448,0.144,0.0661,163,Not Significant,Not Significant,1
Philippines,Age 35 - 44,Male,125,38,5.45,5.0,0.45,0.181,0.8572,0.121,0.125,163,Not Significant,Not Significant,1
Philippines,Age 45 - 54,Female,125,38,8.48,9.77,-1.29,-0.409,0.6842,0.062,0.4347,163,Not Significant,Not Significant,1
Philippines,Age 45 - 54,Male,125,38,5.7,4.89,0.81,0.317,0.7523,0.128,0.1025,163,Not Significant,Not Significant,1
Philippines,Age 55 - 64,Female,125,38,9.09,14.42,-5.32,-1.519,0.135,-0.078,0.3227,163,Not Significant,Not Significant,1
Philippines,Age 55 - 64,Male,125,38,6.54,9.34,-2.81,-1.006,0.319,-0.028,0.722,163,Not Significant,Not Significant,1
Philippines,Age 65 & Above,Female,125,38,12.58,16.0,-3.42,-1.022,0.3116,-0.062,0.432,163,Not Significant,Not Significant,1
Philippines,Age 65 & Above,Male,125,38,10.64,13.52,-2.88,-0.909,0.3673,-0.07,0.3757,163,Not Significant,Not Significant,1
Rep of Ireland,Age 14 & Below,Female,125,38,17.23,8.57,8.66,0.788,0.4329,0.124,0.1144,163,Not Significant,Not Significant,0
Rep of Ireland,Age 14 & Below,Male,125,38,11.43,21.44,-10.01,-1.075,0.2859,0.079,0.3182,163,Not Significant,Not Significant,0
Rep of Ireland,Age 15 - 19,Female,125,36,38.28,15.52,22.76,1.161,0.2484,0.107,0.1785,161,Not Significant,Not Significant,0
Rep of Ireland,Age 15 - 19,Male,123,38,53.26,8.27,44.99,2.26,0.0253,0.111,0.1626,161,Not Significant,Significant Positive,0
Rep of Ireland,Age 20 - 24,Female,125,38,4.01,-15.74,19.75,3.92,0.0002,0.224,0.0041,163,Significant Positive,Significant Positive,0
Rep of Ireland,Age 20 - 24,Male,125,38,3.02,-12.39,15.42,3.025,0.0034,0.152,0.0535,163,Not Significant,Significant Positive,0
Rep of Ireland,Age 25 - 34,Female,125,38,4.01,-11.9,15.92,5.347,0.0,0.327,0.0,163,Significant Positive,Significant Positive,0
Rep of Ireland,Age 25 - 34,Male,125,38,1.43,-10.62,12.05,4.92,0.0,0.289,0.0002,163,Significant Positive,Significant Positive,0
Rep of Ireland,Age 35 - 44,Female,125,38,7.55,1.38,6.18,1.516,0.1345,0.173,0.0272,163,Significant Positive,Not Significant,0
Rep of Ireland,Age 35 - 44,Male,125,38,3.49,0.61,2.88,1.076,0.2856,0.211,0.0069,163,Significant Positive,Not Significant,0
Rep of Ireland,Age 45 - 54,Female,125,38,8.37,-0.56,8.93,2.144,0.0356,0.239,0.0021,163,Significant Positive,Significant Positive,0
Rep of Ireland,Age 45 - 54,Male,125,38,7.81,-0.14,7.95,2.735,0.0078,0.192,0.0139,163,Significant Positive,Significant Positive,0
Rep of Ireland,Age 55 - 64,Female,125,38,7.66,-2.82,10.48,2.591,0.0113,0.194,0.0131,163,Significant Positive,Significant Positive,0
Rep of Ireland,Age 55 - 64,Male,125,38,6.11,-1.16,7.27,1.918,0.0595,0.184,0.019,163,Significant Positive,Not Significant,0
Rep of Ireland,Age 65 & Above,Female,125,38,10.81,-1.55,12.35,3.105,0.0024,0.073,0.3574,163,Not Significant,Significant Positive,0
Rep of Ireland,Age 65 & Above,Male,125,38,9.44,3.63,5.81,1.303,0.1959,0.025,0.7512,163,Not Significant,Not Significant,0
Russian Federation,Age 14 & Below,Female,125,38,6.47,8.95,-2.48,-0.573,0.569,0.011,0.8873,163,Not Significant,Not Significant,0
Russian Federation,Age 14 & Below,Male,125,38,7.78,7.22,0.57,0.132,0.8953,0.013,0.8715,163,Not Significant,Not Significant,0
Russian Federation,Age 15 - 19,Female,125,38,14.35,8.22,6.13,0.867,0.3896,0.244,0.0017,163,Significant Positive,Not Significant,0
Russian Federation,Age 15 - 19,Male,125,38,14.95,12.19,2.76,0.402,0.6893,0.111,0.1592,163,Not Significant,Not Significant,0
Russian Federation,Age 20 - 24,Female,125,38,4.39,3.75,0.64,0.144,0.8861,0.08,0.308,163,Not Significant,Not Significant,0
Russian Federation,Age 20 - 24,Male,125,38,8.12,5.84,2.29,0.389,0.6992,0.05,0.5276,163,Not Significant,Not Significant,0
Russian Federation,Age 25 - 34,Female,125,38,3.73,5.27,-1.54,-0.349,0.7282,0.023,0.7716,163,Not Significant,Not Significant,0
Russian Federation,Age 25 - 34,Male,125,38,3.14,3.39,-0.25,-0.058,0.9536,0.02,0.7972,163,Not Significant,Not Significant,0
Russian Federation,Age 35 - 44,Female,125,38,8.7,3.74,4.96,1.149,0.2549,0.252,0.0012,163,Significant Positive,Not Significant,0
Russian Federation,Age 35 - 44,Male,125,38,4.78,0.04,4.74,1.336,0.1865,0.242,0.0019,163,Significant Positive,Not Significant,0
Russian Federation,Age 45 - 54,Female,125,38,11.3,6.25,5.05,1.011,0.3156,0.249,0.0014,163,Significant Positive,Not Significant,0
Russian Federation,Age 45 - 54,Male,125,38,6.55,2.79,3.76,0.946,0.3479,0.254,0.0011,163,Significant Positive,Not Significant,0
Russian Federation,Age 55 - 64,Female,125,38,14.4,14.56,-0.16,-0.031,0.9756,0.116,0.1416,163,Not Significant,Not Significant,0
Russian Federation,Age 55 - 64,Male,125,38,10.84,8.21,2.63,0.657,0.5128,0.163,0.0376,163,Significant Positive,Not Significant,0
Russian Federation,Age 65 & Above,Female,125,38,17.88,21.15,-3.27,-0.506,0.615,0.091,0.2505,163,Not Significant,Not Significant,0
Russian Federation,Age 65 & Above,Male,125,38,16.19,10.76,5.43,0.882,0.3807,0.165,0.0349,163,Significant Positive,Not Significant,0
Saudi Arabia,Age 14 & Below,Female,125,38,20.89,47.42,-26.53,-1.617,0.1111,-0.023,0.7692,163,Not Significant,Not Significant,0
Saudi Arabia,Age 14 & Below,Male,125,38,24.15,39.36,-15.21,-1.001,0.3207,0.046,0.5565,163,Not Significant,Not Significant,0
Saudi Arabia,Age 15 - 19,Female,125,38,35.66,83.57,-47.91,-1.603,0.1145,0.064,0.4145,163,Not Significant,Not Significant,0
Saudi Arabia,Age 15 - 19,Male,125,38,52.85,93.95,-41.1,-1.004,0.3197,0.031,0.6989,163,Not Significant,Not Significant,0
Saudi Arabia,Age 20 - 24,Female,125,38,23.15,46.86,-23.72,-1.365,0.177,0.114,0.1469,163,Not Significant,Not Significant,0
Saudi Arabia,Age 20 - 24,Male,125,38,27.96,43.91,-15.95,-0.887,0.3777,0.12,0.1265,163,Not Significant,Not Significant,0
Saudi Arabia,Age 25 - 34,Female,125,38,19.09,28.0,-8.92,-0.85,0.3986,0.06,0.4463,163,Not Significant,Not Significant,0
Saudi Arabia,Age 25 - 34,Male,125,38,13.99,18.93,-4.94,-0.593,0.555,0.125,0.111,163,Not Significant,Not Significant,0
Saudi Arabia,Age 35 - 44,Female,125,38,20.21,34.94,-14.73,-1.141,0.2579,0.06,0.4483,163,Not Significant,Not Significant,0
Saudi Arabia,Age 35 - 44,Male,125,38,8.36,15.8,-7.44,-0.993,0.3249,0.066,0.4002,163,Not Significant,Not Significant,0
Saudi Arabia,Age 45 - 54,Female,125,38,16.83,25.61,-8.78,-0.695,0.4896,0.078,0.3238,163,Not Significant,Not Significant,0
Saudi Arabia,Age 45 - 54,Male,125,38,3.43,12.99,-9.56,-1.249,0.2171,0.057,0.4727,163,Not Significant,Not Significant,0
Saudi Arabia,Age 55 - 64,Female,125,38,21.5,42.47,-20.97,-1.269,0.2099,-0.054,0.4942,163,Not Significant,Not Significant,0
Saudi Arabia,Age 55 - 64,Male,125,38,8.23,11.49,-3.26,-0.443,0.6594,0.105,0.1839,163,Not Significant,Not Significant,0
Saudi Arabia,Age 65 & Above,Female,120,37,40.15,60.42,-20.27,-0.825,0.4119,-0.008,0.9163,157,Not Significant,Not Significant,0
Saudi Arabia,Age 65 & Above,Male,125,38,19.76,27.9,-8.14,-0.516,0.6077,-0.006,0.942,163,Not Significant,Not Significant,0
South Africa (Rep of),Age 14 & Below,Female,125,38,14.84,7.87,6.97,0.952,0.3438,0.078,0.3205,163,Not Significant,Not Significant,0
South Africa (Rep of),Age 14 & Below,Male,125,38,13.83,12.66,1.17,0.137,0.8914,0.084,0.2886,163,Not Significant,Not Significant,0
South Africa (Rep of),Age 15 - 19,Female,125,38,34.74,17.91,16.83,1.051,0.2954,0.06,0.4477,163,Not Significant,Not Significant,0
South Africa (Rep of),Age 15 - 19,Male,125,38,32.52,0.98,31.54,2.674,0.0085,0.164,0.0366,163,Significant Positive,Significant Positive,0
South Africa (Rep of),Age 20 - 24,Female,125,38,6.78,13.05,-6.27,-0.796,0.4298,0.013,0.8687,163,Not Significant,Not Significant,0
South Africa (Rep of),Age 20 - 24,Male,125,38,13.15,-0.81,13.95,1.936,0.0569,0.099,0.2079,163,Not Significant,Not Significant,0
South Africa (Rep of),Age 25 - 34,Female,125,38,9.55,7.0,2.55,0.452,0.6534,0.111,0.1595,163,Not Significant,Not Significant,0
South Africa (Rep of),Age 25 - 34,Male,125,38,5.78,-1.61,7.39,1.912,0.0609,0.144,0.0668,163,Not Significant,Not Significant,0
South Africa (Rep of),Age 35 - 44,Female,125,38,8.94,8.21,0.73,0.124,0.9015,0.142,0.0706,163,Not Significant,Not Significant,0
South Africa (Rep of),Age 35 - 44,Male,125,38,4.31,1.96,2.35,0.551,0.5843,0.161,0.0398,163,Significant Positive,Not Significant,0
South Africa (Rep of),Age 45 - 54,Female,125,38,7.3,8.83,-1.54,-0.22,0.8267,0.09,0.2536,163,Not Significant,Not Significant,0
South Africa (Rep of),Age 45 - 54,Male,125,38,4.41,-0.05,4.46,1.146,0.2563,0.149,0.0577,163,Not Significant,Not Significant,0
South Africa (Rep of),Age 55 - 64,Female,125,38,8.28,3.8,4.47,1.012,0.3157,0.095,0.2255,163,Not Significant,Not Significant,0
South Africa (Rep of),Age 55 - 64,Male,125,38,6.2,2.03,4.17,1.149,0.2546,0.09,0.2513,163,Not Significant,Not Significant,0
South Africa (Rep of),Age 65 & Above,Female,125,38,8.36,6.67,1.69,0.281,0.7802,0.029,0.711,163,Not Significant,Not Significant,0
South Africa (Rep of),Age 65 & Above,Male,125,38,5.88,3.9,1.98,0.427,0.6712,0.033,0.6773,163,Not Significant,Not Significant,0
South Korea,Age 14 & Below,Female,125,38,9.65,11.01,-1.36,-0.162,0.8722,0.033,0.6713,163,Not Significant,Not Significant,1
South Korea,Age 14 & Below,Male,125,38,9.12,7.07,2.05,0.264,0.7932,0.062,0.4301,163,Not Significant,Not Significant,1
South Korea,Age 15 - 19,Female,125,38,11.13,21.12,-10.0,-0.731,0.4688,0.031,0.6935,163,Not Significant,Not Significant,1
South Korea,Age 15 - 19,Male,125,38,9.47,15.4,-5.92,-0.382,0.704,0.002,0.9789,163,Not Significant,Not Significant,1
South Korea,Age 20 - 24,Female,125,38,5.09,7.34,-2.25,-0.452,0.6528,-0.051,0.5213,163,Not Significant,Not Significant,1
South Korea,Age 20 - 24,Male,125,38,5.8,4.98,0.82,0.176,0.8609,-0.011,0.8912,163,Not Significant,Not Significant,1
South Korea,Age 25 - 34,Female,125,38,0.99,0.26,0.73,0.209,0.8352,-0.0,0.998,163,Not Significant,Not Significant,1
South Korea,Age 25 - 34,Male,125,38,0.4,-2.31,2.71,1.042,0.3017,0.076,0.3358,163,Not Significant,Not Significant,1
South Korea,Age 35 - 44,Female,125,38,7.19,2.12,5.07,0.935,0.3548,0.079,0.3164,163,Not Significant,Not Significant,1
South Korea,Age 35 - 44,Male,125,38,2.3,-2.64,4.95,1.536,0.1314,0.107,0.1724,163,Not Significant,Not Significant,1
South Korea,Age 45 - 54,Female,125,38,9.87,11.07,-1.2,-0.121,0.904,-0.015,0.8478,163,Not Significant,Not Significant,1
South Korea,Age 45 - 54,Male,125,38,5.84,-1.74,7.59,1.888,0.0656,0.144,0.0675,163,Not Significant,Not Significant,1
South Korea,Age 55 - 64,Female,125,38,14.79,24.46,-9.67,-0.664,0.5103,-0.06,0.4468,163,Not Significant,Not Significant,1
South Korea,Age 55 - 64,Male,125,38,8.83,7.68,1.15,0.148,0.8832,-0.004,0.9589,163,Not Significant,Not Significant,1
South Korea,Age 65 & Above,Female,125,38,16.04,18.16,-2.13,-0.182,0.8564,0.002,0.9836,163,Not Significant,Not Significant,1
South Korea,Age 65 & Above,Male,125,38,11.51,9.3,2.21,0.302,0.7643,0.066,0.4029,163,Not Significant,Not Significant,1
Spain,Age 14 & Below,Female,125,38,24.18,14.23,9.95,1.279,0.2034,0.157,0.0455,163,Significant Positive,Not Significant,0
Spain,Age 14 & Below,Male,125,38,22.37,17.92,4.46,0.569,0.5705,0.086,0.2752,163,Not Significant,Not Significant,0
Spain,Age 15 - 19,Female,124,38,46.57,12.15,34.42,2.351,0.0201,0.116,0.1423,162,Not Significant,Significant Positive,0
Spain,Age 15 - 19,Male,125,38,46.07,31.96,14.1,0.708,0.4809,0.064,0.4173,163,Not Significant,Not Significant,0
Spain,Age 20 - 24,Female,125,38,18.81,15.37,3.44,0.573,0.5682,0.082,0.2965,163,Not Significant,Not Significant,0
Spain,Age 20 - 24,Male,125,38,19.49,17.82,1.68,0.187,0.8528,0.021,0.7867,163,Not Significant,Not Significant,0
Spain,Age 25 - 34,Female,125,38,9.24,12.69,-3.44,-0.991,0.3249,0.002,0.9757,163,Not Significant,Not Significant,0
Spain,Age 25 - 34,Male,125,38,7.23,7.72,-0.49,-0.177,0.8597,0.041,0.5996,163,Not Significant,Not Significant,0
Spain,Age 35 - 44,Female,125,38,10.43,9.72,0.71,0.205,0.8382,0.062,0.4286,163,Not Significant,Not Significant,0
Spain,Age 35 - 44,Male,125,38,7.27,6.34,0.94,0.321,0.7492,0.067,0.395,163,Not Significant,Not Significant,0
Spain,Age 45 - 54,Female,125,38,11.31,10.63,0.68,0.175,0.8613,0.119,0.1317,163,Not Significant,Not Significant,0
Spain,Age 45 - 54,Male,125,38,9.27,7.0,2.27,0.811,0.4201,0.09,0.2515,163,Not Significant,Not Significant,0
Spain,Age 55 - 64,Female,125,38,9.71,12.53,-2.82,-0.671,0.5047,-0.024,0.7594,163,Not Significant,Not Significant,0
Spain,Age 55 - 64,Male,125,38,8.84,3.87,4.98,1.559,0.1243,0.161,0.0402,163,Significant Positive,Not Significant,0
Spain,Age 65 & Above,Female,125,38,14.78,17.3,-2.52,-0.389,0.6987,-0.069,0.3822,163,Not Significant,Not Significant,0
Spain,Age 65 & Above,Male,125,38,10.31,11.18,-0.87,-0.228,0.8202,-0.054,0.495,163,Not Significant,Not Significant,0
Sri Lanka,Age 14 & Below,Female,125,38,6.93,8.64,-1.71,-0.294,0.7698,0.12,0.1282,163,Not Significant,Not Significant,0
Sri Lanka,Age 14 & Below,Male,125,38,7.46,6.95,0.51,0.094,0.9254,0.153,0.0505,163,Not Significant,Not Significant,0
Sri Lanka,Age 15 - 19,Female,125,38,11.45,10.19,1.26,0.17,0.8654,0.186,0.0176,163,Significant Positive,Not Significant,0
Sri Lanka,Age 15 - 19,Male,125,38,12.53,-0.72,13.24,2.431,0.0171,0.22,0.0048,163,Significant Positive,Significant Positive,0
Sri Lanka,Age 20 - 24,Female,125,38,8.6,0.87,7.73,1.642,0.1059,0.216,0.0055,163,Significant Positive,Not Significant,0
Sri Lanka,Age 20 - 24,Male,125,38,7.02,-6.58,13.6,3.068,0.003,0.252,0.0012,163,Significant Positive,Significant Positive,0
Sri Lanka,Age 25 - 34,Female,125,38,8.3,3.41,4.89,1.329,0.1887,0.179,0.022,163,Significant Positive,Not Significant,0
Sri Lanka,Age 25 - 34,Male,125,38,4.87,0.53,4.34,1.305,0.1965,0.178,0.0228,163,Significant Positive,Not Significant,0
Sri Lanka,Age 35 - 44,Female,125,38,5.64,7.7,-2.06,-0.472,0.6388,0.1,0.202,163,Not Significant,Not Significant,0
Sri Lanka,Age 35 - 44,Male,125,38,2.66,3.58,-0.92,-0.287,0.775,0.104,0.1849,163,Not Significant,Not Significant,0
Sri Lanka,Age 45 - 54,Female,125,38,6.22,6.13,0.1,0.03,0.9758,0.185,0.0183,163,Significant Positive,Not Significant,0
Sri Lanka,Age 45 - 54,Male,125,38,4.25,5.07,-0.81,-0.26,0.7959,0.084,0.2864,163,Not Significant,Not Significant,0
Sri Lanka,Age 55 - 64,Female,125,38,8.07,9.89,-1.81,-0.626,0.5331,0.12,0.1277,163,Not Significant,Not Significant,0
Sri Lanka,Age 55 - 64,Male,125,38,6.98,6.94,0.04,0.018,0.9855,0.143,0.0682,163,Not Significant,Not Significant,0
Sri Lanka,Age 65 & Above,Female,125,38,10.41,9.63,0.78,0.194,0.8466,0.107,0.1748,163,Not Significant,Not Significant,0
Sri Lanka,Age 65 & Above,Male,125,38,8.27,8.44,-0.17,-0.051,0.9592,0.039,0.6233,163,Not Significant,Not Significant,0
Sweden,Age 14 & Below,Female,125,38,16.55,-1.14,17.69,3.427,0.0009,0.142,0.0698,163,Not Significant,Significant Positive,0
Sweden,Age 14 & Below,Male,125,38,15.77,2.95,12.81,2.208,0.0301,0.053,0.4979,163,Not Significant,Significant Positive,0
Sweden,Age 15 - 19,Female,125,37,32.31,4.78,27.52,2.494,0.0137,0.011,0.8889,162,Not Significant,Significant Positive,0
Sweden,Age 15 - 19,Male,125,38,26.2,0.24,25.96,2.507,0.0136,0.062,0.4319,163,Not Significant,Significant Positive,0
Sweden,Age 20 - 24,Female,125,38,4.18,4.59,-0.41,-0.102,0.9192,0.016,0.8369,163,Not Significant,Not Significant,0
Sweden,Age 20 - 24,Male,125,38,4.59,6.74,-2.15,-0.472,0.6384,0.095,0.2262,163,Not Significant,Not Significant,0
Sweden,Age 25 - 34,Female,125,38,8.96,-1.77,10.73,3.811,0.0002,0.163,0.038,163,Significant Positive,Significant Positive,0
Sweden,Age 25 - 34,Male,125,38,4.94,-1.19,6.13,2.683,0.0087,0.197,0.0117,163,Significant Positive,Significant Positive,0
Sweden,Age 35 - 44,Female,125,38,8.21,1.82,6.39,1.795,0.0766,0.089,0.2573,163,Not Significant,Not Significant,0
Sweden,Age 35 - 44,Male,125,38,2.59,-0.6,3.19,1.112,0.2707,0.116,0.1408,163,Not Significant,Not Significant,0
Sweden,Age 45 - 54,Female,125,38,10.07,9.84,0.23,0.057,0.9546,0.036,0.647,163,Not Significant,Not Significant,0
Sweden,Age 45 - 54,Male,125,38,5.7,2.22,3.48,1.32,0.1909,0.076,0.3365,163,Not Significant,Not Significant,0
Sweden,Age 55 - 64,Female,125,38,7.49,3.28,4.21,1.124,0.2656,0.098,0.2133,163,Not Significant,Not Significant,0
Sweden,Age 55 - 64,Male,125,38,5.82,1.67,4.14,1.516,0.1347,0.231,0.0031,163,Significant Positive,Not Significant,0
Sweden,Age 65 & Above,Female,125,38,11.17,11.07,0.09,0.013,0.99,-0.075,0.3444,163,Not Significant,Not Significant,0
Sweden,Age 65 & Above,Male,125,38,7.93,11.31,-3.38,-0.72,0.4747,-0.132,0.0925,163,Not Significant,Not Significant,0
Switzerland,Age 14 & Below,Female,125,38,13.06,9.16,3.9,0.793,0.4301,0.131,0.0959,163,Not Significant,Not Significant,0
Switzerland,Age 14 & Below,Male,125,38,11.09,9.67,1.42,0.317,0.7518,0.043,0.5824,163,Not Significant,Not Significant,0
Switzerland,Age 15 - 19,Female,125,38,18.36,10.9,7.46,1.022,0.3101,0.092,0.2453,163,Not Significant,Not Significant,0
Switzerland,Age 15 - 19,Male,125,38,18.27,10.73,7.55,1.302,0.1957,0.141,0.0729,163,Not Significant,Not Significant,0
Switzerland,Age 20 - 24,Female,125,38,7.78,11.51,-3.73,-1.027,0.309,0.01,0.896,163,Not Significant,Not Significant,0
Switzerland,Age 20 - 24,Male,125,38,8.69,12.31,-3.61,-0.977,0.3324,0.017,0.828,163,Not Significant,Not Significant,0
Switzerland,Age 25 - 34,Female,125,38,3.71,7.17,-3.46,-1.23,0.2239,-0.034,0.6644,163,Not Significant,Not Significant,0
Switzerland,Age 25 - 34,Male,125,38,2.85,5.74,-2.89,-1.191,0.2386,-0.045,0.5693,163,Not Significant,Not Significant,0
Switzerland,Age 35 - 44,Female,125,38,4.81,3.48,1.33,0.519,0.6052,0.094,0.2336,163,Not Significant,Not Significant,0
Switzerland,Age 35 - 44,Male,125,38,1.77,0.91,0.87,0.378,0.707,0.12,0.1269,163,Not Significant,Not Significant,0
Switzerland,Age 45 - 54,Female,125,38,7.37,8.48,-1.11,-0.37,0.7131,0.026,0.7452,163,Not Significant,Not Significant,0
Switzerland,Age 45 - 54,Male,125,38,4.67,5.98,-1.31,-0.614,0.5413,0.008,0.9162,163,Not Significant,Not Significant,0
Switzerland,Age 55 - 64,Female,125,38,8.73,6.95,1.79,0.581,0.5628,0.07,0.3716,163,Not Significant,Not Significant,0
Switzerland,Age 55 - 64,Male,125,38,7.03,3.69,3.34,1.565,0.1228,0.121,0.1232,163,Not Significant,Not Significant,0
Switzerland,Age 65 & Above,Female,125,38,12.21,19.46,-7.25,-1.238,0.2198,-0.064,0.4181,163,Not Significant,Not Significant,0
Switzerland,Age 65 & Above,Male,125,38,8.84,11.51,-2.67,-0.736,0.4644,-0.074,0.3465,163,Not Significant,Not Significant,0
Taiwan,Age 14 & Below,Female,125,38,19.64,23.31,-3.67,-0.456,0.6499,-0.11,0.1606,163,Not Significant,Not Significant,0
Taiwan,Age 14 & Below,Male,125,38,18.71,22.35,-3.64,-0.441,0.661,-0.106,0.1792,163,Not Significant,Not Significant,0
Taiwan,Age 15 - 19,Female,125,38,21.81,12.72,9.09,1.059,0.293,-0.046,0.5593,163,Not Significant,Not Significant,0
Taiwan,Age 15 - 19,Male,125,38,18.52,14.09,4.43,0.469,0.6405,-0.094,0.2334,163,Not Significant,Not Significant,0
Taiwan,Age 20 - 24,Female,125,38,15.08,13.45,1.63,0.296,0.7683,0.024,0.7631,163,Not Significant,Not Significant,0
Taiwan,Age 20 - 24,Male,125,38,15.11,12.85,2.25,0.394,0.6951,0.027,0.7276,163,Not Significant,Not Significant,0
Taiwan,Age 25 - 34,Female,125,38,9.82,8.2,1.62,0.36,0.7202,0.052,0.5113,163,Not Significant,Not Significant,0
Taiwan,Age 25 - 34,Male,125,38,9.48,2.96,6.51,1.56,0.1242,0.178,0.0227,163,Significant Positive,Not Significant,0
Taiwan,Age 35 - 44,Female,125,38,12.38,10.9,1.48,0.337,0.7376,-0.031,0.6957,163,Not Significant,Not Significant,0
Taiwan,Age 35 - 44,Male,125,38,9.73,5.24,4.49,1.25,0.2168,0.126,0.1087,163,Not Significant,Not Significant,0
Taiwan,Age 45 - 54,Female,125,38,13.15,8.7,4.45,1.019,0.3133,-0.001,0.9859,163,Not Significant,Not Significant,0
Taiwan,Age 45 - 54,Male,125,38,9.12,4.86,4.26,1.367,0.1778,0.121,0.1235,163,Not Significant,Not Significant,0
Taiwan,Age 55 - 64,Female,125,38,16.43,11.37,5.06,1.077,0.2865,-0.0,0.9989,163,Not Significant,Not Significant,0
Taiwan,Age 55 - 64,Male,125,38,11.42,5.3,6.12,2.111,0.0392,0.121,0.1234,163,Not Significant,Significant Positive,0
Taiwan,Age 65 & Above,Female,125,38,21.17,15.43,5.74,0.828,0.4121,0.014,0.8641,163,Not Significant,Not Significant,0
Taiwan,Age 65 & Above,Male,125,38,16.85,10.33,6.51,1.295,0.201,0.075,0.3399,163,Not Significant,Not Significant,0
Thailand,Age 14 & Below,Female,125,38,5.57,20.1,-14.53,-2.304,0.0257,-0.215,0.0058,163,Significant Negative,Significant Negative,0
Thailand,Age 14 & Below,Male,125,38,5.25,20.16,-14.92,-2.432,0.0189,-0.222,0.0045,163,Significant Negative,Significant Negative,0
Thailand,Age 15 - 19,Female,125,38,5.02,12.98,-7.96,-1.237,0.2219,-0.09,0.251,163,Not Significant,Not Significant,0
Thailand,Age 15 - 19,Male,125,38,5.14,9.96,-4.82,-0.845,0.4017,-0.025,0.7545,163,Not Significant,Not Significant,0
Thailand,Age 20 - 24,Female,125,38,3.36,8.6,-5.25,-1.615,0.1111,-0.106,0.1781,163,Not Significant,Not Significant,0
Thailand,Age 20 - 24,Male,125,38,2.22,10.97,-8.75,-2.526,0.0138,-0.124,0.1147,163,Not Significant,Significant Negative,0
Thailand,Age 25 - 34,Female,125,38,1.43,6.81,-5.38,-1.888,0.0637,-0.153,0.0517,163,Not Significant,Not Significant,0
Thailand,Age 25 - 34,Male,125,38,0.52,3.3,-2.79,-0.936,0.3529,-0.082,0.2973,163,Not Significant,Not Significant,0
Thailand,Age 35 - 44,Female,125,38,2.8,8.65,-5.85,-1.685,0.0982,-0.171,0.0295,163,Significant Negative,Not Significant,0
Thailand,Age 35 - 44,Male,125,38,0.31,5.04,-4.73,-1.5,0.14,-0.099,0.2078,163,Not Significant,Not Significant,0
Thailand,Age 45 - 54,Female,125,38,2.35,11.23,-8.88,-1.934,0.0594,-0.164,0.0365,163,Significant Negative,Not Significant,0
Thailand,Age 45 - 54,Male,125,38,1.24,6.7,-5.47,-1.658,0.104,-0.104,0.1845,163,Not Significant,Not Significant,0
Thailand,Age 55 - 64,Female,125,38,3.48,17.96,-14.48,-2.626,0.0119,-0.235,0.0025,163,Significant Negative,Significant Negative,0
Thailand,Age 55 - 64,Male,125,38,2.75,9.82,-7.07,-1.751,0.0868,-0.119,0.1288,163,Not Significant,Not Significant,0
Thailand,Age 65 & Above,Female,125,38,7.16,19.96,-12.8,-2.593,0.0124,-0.182,0.0197,163,Significant Negative,Significant Negative,0
Thailand,Age 65 & Above,Male,125,38,5.24,17.04,-11.8,-2.913,0.0055,-0.23,0.0031,163,Significant Negative,Significant Negative,0
UK,Age 14 & Below,Female,125,38,6.71,1.26,5.46,1.578,0.1184,0.178,0.0229,163,Significant Positive,Not Significant,1
UK,Age 14 & Below,Male,125,38,7.14,2.14,5.0,1.295,0.1993,0.174,0.0261,163,Significant Positive,Not Significant,1
UK,Age 15 - 19,Female,125,38,7.83,0.18,7.65,1.852,0.0682,0.283,0.0003,163,Significant Positive,Not Significant,1
UK,Age 15 - 19,Male,125,38,7.71,0.31,7.39,1.777,0.0796,0.213,0.0064,163,Significant Positive,Not Significant,1
UK,Age 20 - 24,Female,125,38,4.69,-0.04,4.73,2.421,0.0176,0.321,0.0,163,Significant Positive,Significant Positive,1
UK,Age 20 - 24,Male,125,38,4.63,-1.41,6.04,2.923,0.0044,0.328,0.0,163,Significant Positive,Significant Positive,1
UK,Age 25 - 34,Female,125,38,4.64,-1.08,5.72,3.283,0.0016,0.31,0.0001,163,Significant Positive,Significant Positive,1
UK,Age 25 - 34,Male,125,38,3.83,-1.15,4.99,3.245,0.0018,0.346,0.0,163,Significant Positive,Significant Positive,1
UK,Age 35 - 44,Female,125,38,5.33,-1.45,6.77,4.244,0.0001,0.339,0.0,163,Significant Positive,Significant Positive,1
UK,Age 35 - 44,Male,125,38,2.47,-3.02,5.49,4.239,0.0001,0.409,0.0,163,Significant Positive,Significant Positive,1
UK,Age 45 - 54,Female,125,38,6.49,-0.54,7.03,3.588,0.0005,0.269,0.0005,163,Significant Positive,Significant Positive,1
UK,Age 45 - 54,Male,125,38,3.65,-1.98,5.63,3.826,0.0003,0.298,0.0001,163,Significant Positive,Significant Positive,1
UK,Age 55 - 64,Female,125,38,6.89,-1.6,8.49,3.488,0.0007,0.239,0.0021,163,Significant Positive,Significant Positive,1
UK,Age 55 - 64,Male,125,38,5.49,-2.17,7.67,3.964,0.0001,0.268,0.0005,163,Significant Positive,Significant Positive,1
UK,Age 65 & Above,Female,125,38,7.95,1.36,6.59,2.758,0.0068,0.107,0.1745,163,Not Significant,Significant Positive,1
UK,Age 65 & Above,Male,125,38,7.48,1.81,5.66,2.542,0.0124,0.114,0.1485,163,Not Significant,Significant Positive,1
USA,Age 14 & Below,Female,125,38,7.87,3.65,4.22,1.476,0.1455,-0.003,0.9661,163,Not Significant,Not Significant,1
USA,Age 14 & Below,Male,125,38,7.63,4.3,3.33,1.216,0.2288,-0.015,0.845,163,Not Significant,Not Significant,1
USA,Age 15 - 19,Female,125,38,10.31,6.93,3.39,0.817,0.4175,-0.008,0.9189,163,Not Significant,Not Significant,1
USA,Age 15 - 19,Male,125,38,10.74,7.17,3.57,0.821,0.4151,-0.002,0.9781,163,Not Significant,Not Significant,1
USA,Age 20 - 24,Female,125,38,10.25,7.72,2.53,0.691,0.4926,-0.083,0.2943,163,Not Significant,Not Significant,1
USA,Age 20 - 24,Male,125,38,8.85,5.63,3.21,1.43,0.1568,0.165,0.0357,163,Significant Positive,Not Significant,1
USA,Age 25 - 34,Female,125,38,8.26,4.41,3.85,2.117,0.0381,0.023,0.7682,163,Not Significant,Significant Positive,1
USA,Age 25 - 34,Male,125,38,6.64,1.67,4.97,2.661,0.0102,0.132,0.0923,163,Not Significant,Significant Positive,1
USA,Age 35 - 44,Female,125,38,8.12,3.49,4.62,2.28,0.0263,0.083,0.2903,163,Not Significant,Significant Positive,1
USA,Age 35 - 44,Male,125,38,3.88,-1.21,5.09,2.616,0.0115,0.174,0.0262,163,Significant Positive,Significant Positive,1
USA,Age 45 - 54,Female,125,38,8.91,1.82,7.09,3.639,0.0006,0.122,0.1222,163,Not Significant,Significant Positive,1
USA,Age 45 - 54,Male,125,38,3.68,0.81,2.88,1.418,0.162,0.107,0.1751,163,Not Significant,Not Significant,1
USA,Age 55 - 64,Female,125,38,9.7,5.27,4.43,2.165,0.0343,0.102,0.1946,163,Not Significant,Significant Positive,1
USA,Age 55 - 64,Male,125,38,6.21,3.65,2.55,1.457,0.1508,0.103,0.1891,163,Not Significant,Not Significant,1
USA,Age 65 & Above,Female,125,38,14.93,10.01,4.92,1.466,0.1465,0.049,0.538,163,Not Significant,Not Significant,1
USA,Age 65 & Above,Male,125,38,11.24,7.58,3.66,1.477,0.1435,0.092,0.2412,163,Not Significant,Not Significant,1
United Arab Emirates,Age 14 & Below,Female,125,38,11.09,17.56,-6.47,-0.644,0.5227,0.031,0.6987,163,Not Significant,Not Significant,0
United Arab Emirates,Age 14 & Below,Male,125,38,10.38,19.07,-8.68,-0.926,0.3594,-0.01,0.898,163,Not Significant,Not Significant,0
United Arab Emirates,Age 15 - 19,Female,125,38,22.81,25.56,-2.75,-0.191,0.8494,0.225,0.0039,163,Significant Positive,Not Significant,0
United Arab Emirates,Age 15 - 19,Male,125,38,28.48,11.52,16.97,1.592,0.1142,0.213,0.0063,163,Significant Positive,Not Significant,0
United Arab Emirates,Age 20 - 24,Female,125,38,7.31,5.44,1.87,0.3,0.765,0.167,0.0334,163,Significant Positive,Not Significant,0
United Arab Emirates,Age 20 - 24,Male,125,38,8.49,5.03,3.46,0.597,0.5528,0.215,0.0058,163,Significant Positive,Not Significant,0
United Arab Emirates,Age 25 - 34,Female,125,38,6.59,6.36,0.23,0.052,0.9586,0.066,0.3998,163,Not Significant,Not Significant,0
United Arab Emirates,Age 25 - 34,Male,125,38,4.89,3.01,1.89,0.648,0.5197,0.253,0.0011,163,Significant Positive,Not Significant,0
United Arab Emirates,Age 35 - 44,Female,125,38,10.44,11.63,-1.19,-0.231,0.8185,0.045,0.5724,163,Not Significant,Not Significant,0
United Arab Emirates,Age 35 - 44,Male,125,38,6.17,3.43,2.75,1.003,0.3202,0.291,0.0002,163,Significant Positive,Not Significant,0
United Arab Emirates,Age 45 - 54,Female,125,38,10.44,9.27,1.17,0.294,0.7696,0.208,0.0076,163,Significant Positive,Not Significant,0
United Arab Emirates,Age 45 - 54,Male,125,38,6.75,3.14,3.61,1.363,0.1788,0.339,0.0,163,Significant Positive,Not Significant,0
United Arab Emirates,Age 55 - 64,Female,125,38,10.5,11.93,-1.43,-0.328,0.7442,0.097,0.2159,163,Not Significant,Not Significant,0
United Arab Emirates,Age 55 - 64,Male,125,38,6.33,5.93,0.4,0.137,0.8918,0.195,0.0124,163,Significant Positive,Not Significant,0
United Arab Emirates,Age 65 & Above,Female,125,38,12.72,20.59,-7.88,-1.014,0.3155,-0.071,0.3646,163,Not Significant,Not Significant,0
United Arab Emirates,Age 65 & Above,Male,125,38,10.8,11.06,-0.26,-0.057,0.9545,0.014,0.8576,163,Not Significant,Not Significant,0
Vietnam,Age 14 & Below,Female,125,38,11.76,31.35,-19.59,-1.762,0.0847,-0.264,0.0007,163,Significant Negative,Not Significant,0
Vietnam,Age 14 & Below,Male,125,38,12.31,33.82,-21.51,-1.861,0.069,-0.261,0.0008,163,Significant Negative,Not Significant,0
Vietnam,Age 15 - 19,Female,125,38,4.86,9.84,-4.98,-0.855,0.3959,-0.161,0.0398,163,Significant Negative,Not Significant,0
Vietnam,Age 15 - 19,Male,125,38,10.4,16.07,-5.67,-0.771,0.4434,-0.158,0.0437,163,Significant Negative,Not Significant,0
Vietnam,Age 20 - 24,Female,125,38,1.83,3.67,-1.85,-0.77,0.4431,-0.029,0.7172,163,Not Significant,Not Significant,0
Vietnam,Age 20 - 24,Male,125,38,3.55,6.5,-2.96,-1.073,0.2876,-0.139,0.0776,163,Not Significant,Not Significant,0
Vietnam,Age 25 - 34,Female,125,38,3.57,8.75,-5.18,-2.102,0.0392,-0.206,0.0082,163,Significant Negative,Significant Negative,0
Vietnam,Age 25 - 34,Male,125,38,3.49,8.76,-5.27,-1.797,0.0773,-0.201,0.0101,163,Significant Negative,Not Significant,0
Vietnam,Age 35 - 44,Female,125,38,6.26,15.5,-9.25,-2.718,0.0089,-0.299,0.0001,163,Significant Negative,Significant Negative,0
Vietnam,Age 35 - 44,Male,125,38,4.29,11.9,-7.61,-2.601,0.0121,-0.261,0.0008,163,Significant Negative,Significant Negative,0
Vietnam,Age 45 - 54,Female,125,38,3.57,13.4,-9.84,-2.626,0.0113,-0.319,0.0,163,Significant Negative,Significant Negative,0
Vietnam,Age 45 - 54,Male,125,38,1.82,8.98,-7.15,-2.484,0.0163,-0.283,0.0003,163,Significant Negative,Significant Negative,0
Vietnam,Age 55 - 64,Female,125,38,8.11,22.38,-14.27,-2.931,0.0052,-0.352,0.0,163,Significant Negative,Significant Negative,0
Vietnam,Age 55 - 64,Male,125,38,4.86,15.82,-10.97,-3.401,0.0012,-0.358,0.0,163,Significant Negative,Significant Negative,0
Vietnam,Age 65 & Above,Female,125,38,8.94,18.14,-9.2,-2.001,0.0507,-0.236,0.0024,163,Significant Negative,Not Significant,0
Vietnam,Age 65 & Above,Male,125,38,6.91,15.75,-8.83,-2.254,0.0282,-0.221,0.0046,163,Significant Negative,Significant Negative,0
